
{
	"allowSleep" : true,
	"autoClearForces" : true,
	"body" : 
	[
		
		{
			"angle" : 0,
			"angularVelocity" : 0,
			"awake" : true,
			"customProperties" : 
			[
				
				{
					"name" : "SpriteName",
					"string" : "cube-2"
				}
			],
			"fixture" : 
			[
				
				{
					"density" : 1,
					"friction" : 0.2,
					"name" : "fixture6",
					"polygon" : 
					{
						"vertices" : 
						{
							"x" : 
							[
								1.342369079589844,
								1.342369079589844,
								-1.342361450195313,
								-1.342361450195313
							],
							"y" : 
							[
								-0.6241579055786133,
								0.6241574287414551,
								0.6241574287414551,
								-0.6241579055786133
							]
						}
					}
				}
			],
			"linearVelocity" : 0,
			"massData-I" : 2.448210000991821,
			"massData-center" : 
			{
				"x" : 3.819570792984450e-006,
				"y" : -2.397036382717488e-007
			},
			"massData-mass" : 3.351390123367310,
			"name" : "cube-2",
			"position" : 
			{
				"x" : 29.90447235107422,
				"y" : 14.47214317321777
			},
			"type" : 2
		},
		
		{
			"angle" : 0,
			"angularVelocity" : 0,
			"awake" : true,
			"customProperties" : 
			[
				
				{
					"name" : "SpriteName",
					"string" : "cube-2"
				}
			],
			"fixture" : 
			[
				
				{
					"density" : 1,
					"friction" : 0.2,
					"name" : "fixture6",
					"polygon" : 
					{
						"vertices" : 
						{
							"x" : 
							[
								1.342369079589844,
								1.342369079589844,
								-1.342361450195313,
								-1.342361450195313
							],
							"y" : 
							[
								-0.6241579055786133,
								0.6241574287414551,
								0.6241574287414551,
								-0.6241579055786133
							]
						}
					}
				}
			],
			"linearVelocity" : 0,
			"massData-I" : 2.448210000991821,
			"massData-center" : 
			{
				"x" : 3.819570792984450e-006,
				"y" : -2.397036382717488e-007
			},
			"massData-mass" : 3.351390123367310,
			"name" : "cube-2",
			"position" : 
			{
				"x" : 21.49886894226074,
				"y" : 9.617464065551758
			},
			"type" : 2
		},
		
		{
			"angle" : 0,
			"angularVelocity" : 0,
			"awake" : true,
			"customProperties" : 
			[
				
				{
					"name" : "SpriteName",
					"string" : "cube-2"
				}
			],
			"fixture" : 
			[
				
				{
					"density" : 1,
					"friction" : 0.2,
					"name" : "fixture6",
					"polygon" : 
					{
						"vertices" : 
						{
							"x" : 
							[
								1.342369079589844,
								1.342369079589844,
								-1.342361450195313,
								-1.342361450195313
							],
							"y" : 
							[
								-0.6241579055786133,
								0.6241574287414551,
								0.6241574287414551,
								-0.6241579055786133
							]
						}
					}
				}
			],
			"linearVelocity" : 0,
			"massData-I" : 2.448210000991821,
			"massData-center" : 
			{
				"x" : 3.819570792984450e-006,
				"y" : -2.397036382717488e-007
			},
			"massData-mass" : 3.351390123367310,
			"name" : "cube-2",
			"position" : 
			{
				"x" : 21.49886894226074,
				"y" : 8.346616744995117
			},
			"type" : 2
		},
		
		{
			"angle" : 0,
			"angularVelocity" : 0,
			"awake" : true,
			"customProperties" : 
			[
				
				{
					"name" : "SpriteName",
					"string" : "rect_2"
				}
			],
			"fixture" : 
			[
				
				{
					"density" : 1,
					"friction" : 0.2,
					"name" : "fixture9",
					"polygon" : 
					{
						"vertices" : 
						{
							"x" : 
							[
								3.166656494140625,
								3.166656494140625,
								-3.166667938232422,
								-3.166667938232422
							],
							"y" : 
							[
								-0.3333206176757813,
								0.3333206176757813,
								0.3333206176757813,
								-0.3333206176757813
							]
						}
					}
				}
			],
			"linearVelocity" : 0,
			"massData-I" : 14.26893138885498,
			"massData-center" : 
			{
				"x" : -5.709945980925113e-006,
				"y" : 8.283441155221283e-010
			},
			"massData-mass" : 4.222055435180664,
			"name" : "rect_2",
			"position" : 
			{
				"x" : 29.95298004150391,
				"y" : 10.15246105194092
			},
			"type" : 2
		},
		
		{
			"angle" : 0,
			"angularVelocity" : 0,
			"awake" : true,
			"customProperties" : 
			[
				
				{
					"name" : "SpriteName",
					"string" : "rect_2"
				}
			],
			"fixture" : 
			[
				
				{
					"density" : 1,
					"friction" : 0.2,
					"name" : "fixture9",
					"polygon" : 
					{
						"vertices" : 
						{
							"x" : 
							[
								3.166656494140625,
								3.166656494140625,
								-3.166667938232422,
								-3.166667938232422
							],
							"y" : 
							[
								-0.3333206176757813,
								0.3333206176757813,
								0.3333206176757813,
								-0.3333206176757813
							]
						}
					}
				}
			],
			"linearVelocity" : 0,
			"massData-I" : 14.26893138885498,
			"massData-center" : 
			{
				"x" : -5.709945980925113e-006,
				"y" : 8.283441155221283e-010
			},
			"massData-mass" : 4.222055435180664,
			"name" : "rect_2",
			"position" : 
			{
				"x" : 33.45512390136719,
				"y" : 8.796412467956543
			},
			"type" : 2
		},
		
		{
			"angle" : 0,
			"angularVelocity" : 0,
			"awake" : true,
			"customProperties" : 
			[
				
				{
					"name" : "SpriteName",
					"string" : "rect_2"
				}
			],
			"fixture" : 
			[
				
				{
					"density" : 1,
					"friction" : 0.2,
					"name" : "fixture9",
					"polygon" : 
					{
						"vertices" : 
						{
							"x" : 
							[
								3.166656494140625,
								3.166656494140625,
								-3.166667938232422,
								-3.166667938232422
							],
							"y" : 
							[
								-0.3333206176757813,
								0.3333206176757813,
								0.3333206176757813,
								-0.3333206176757813
							]
						}
					}
				}
			],
			"linearVelocity" : 0,
			"massData-I" : 14.26893138885498,
			"massData-center" : 
			{
				"x" : -5.709945980925113e-006,
				"y" : 8.283441155221283e-010
			},
			"massData-mass" : 4.222055435180664,
			"name" : "rect_2",
			"position" : 
			{
				"x" : 33.44772338867188,
				"y" : 9.468968391418457
			},
			"type" : 2
		},
		
		{
			"angle" : 1.570796370506287,
			"angularVelocity" : 0,
			"awake" : true,
			"customProperties" : 
			[
				
				{
					"name" : "SpriteName",
					"string" : "cube-3"
				}
			],
			"fixture" : 
			[
				
				{
					"density" : 1,
					"friction" : 0.2,
					"name" : "fixture6",
					"polygon" : 
					{
						"vertices" : 
						{
							"x" : 
							[
								1.342369079589844,
								1.342369079589844,
								-1.342361450195313,
								-1.342361450195313
							],
							"y" : 
							[
								-0.6241579055786133,
								0.6241574287414551,
								0.6241574287414551,
								-0.6241579055786133
							]
						}
					}
				}
			],
			"linearVelocity" : 0,
			"massData-I" : 2.448210000991821,
			"massData-center" : 
			{
				"x" : 3.819570792984450e-006,
				"y" : -2.397036382717488e-007
			},
			"massData-mass" : 3.351390123367310,
			"name" : "cube-3",
			"position" : 
			{
				"x" : 26.57000732421875,
				"y" : 7.043213844299316
			},
			"type" : 2
		},
		
		{
			"angle" : 1.570796370506287,
			"angularVelocity" : 0,
			"awake" : true,
			"customProperties" : 
			[
				
				{
					"name" : "SpriteName",
					"string" : "cube-3"
				}
			],
			"fixture" : 
			[
				
				{
					"density" : 1,
					"friction" : 0.2,
					"name" : "fixture6",
					"polygon" : 
					{
						"vertices" : 
						{
							"x" : 
							[
								1.342369079589844,
								1.342369079589844,
								-1.342361450195313,
								-1.342361450195313
							],
							"y" : 
							[
								-0.6241579055786133,
								0.6241574287414551,
								0.6241574287414551,
								-0.6241579055786133
							]
						}
					}
				}
			],
			"linearVelocity" : 0,
			"massData-I" : 2.448210000991821,
			"massData-center" : 
			{
				"x" : 3.819570792984450e-006,
				"y" : -2.397036382717488e-007
			},
			"massData-mass" : 3.351390123367310,
			"name" : "cube-3",
			"position" : 
			{
				"x" : 25.31502914428711,
				"y" : 7.036025047302246
			},
			"type" : 2
		},
		
		{
			"angle" : 1.570796370506287,
			"angularVelocity" : 0,
			"awake" : true,
			"customProperties" : 
			[
				
				{
					"name" : "SpriteName",
					"string" : "cube-3"
				}
			],
			"fixture" : 
			[
				
				{
					"density" : 1,
					"friction" : 0.2,
					"name" : "fixture6",
					"polygon" : 
					{
						"vertices" : 
						{
							"x" : 
							[
								1.342369079589844,
								1.342369079589844,
								-1.342361450195313,
								-1.342361450195313
							],
							"y" : 
							[
								-0.6241579055786133,
								0.6241574287414551,
								0.6241574287414551,
								-0.6241579055786133
							]
						}
					}
				}
			],
			"linearVelocity" : 0,
			"massData-I" : 2.448210000991821,
			"massData-center" : 
			{
				"x" : 3.819570792984450e-006,
				"y" : -2.397036382717488e-007
			},
			"massData-mass" : 3.351390123367310,
			"name" : "cube-3",
			"position" : 
			{
				"x" : 22.19281196594238,
				"y" : 11.59772396087647
			},
			"type" : 2
		},
		
		{
			"angle" : 0,
			"angularVelocity" : 0,
			"awake" : true,
			"customProperties" : 
			[
				
				{
					"name" : "SpriteName",
					"string" : "trin-3"
				}
			],
			"fixture" : 
			[
				
				{
					"density" : 1,
					"friction" : 0.2,
					"name" : "fixture6",
					"polygon" : 
					{
						"vertices" : 
						{
							"x" : [ 1.353031158447266, -0.007026672363281250, -1.408611297607422 ],
							"y" : [ -1.297463893890381, 1.315997123718262, -1.297463893890381 ]
						}
					}
				}
			],
			"linearVelocity" : 0,
			"massData-I" : 3.173626422882080,
			"massData-center" : 
			{
				"x" : -0.02086893841624260,
				"y" : -0.4263102114200592
			},
			"massData-mass" : 3.608722448348999,
			"name" : "trin-3",
			"position" : 
			{
				"x" : 38.00060272216797,
				"y" : 15.52282905578613
			},
			"type" : 2
		},
		
		{
			"angle" : 0,
			"angularVelocity" : 0,
			"awake" : true,
			"customProperties" : 
			[
				
				{
					"name" : "SpriteName",
					"string" : "trin-3"
				}
			],
			"fixture" : 
			[
				
				{
					"density" : 1,
					"friction" : 0.2,
					"name" : "fixture6",
					"polygon" : 
					{
						"vertices" : 
						{
							"x" : [ 1.353031158447266, -0.007026672363281250, -1.408611297607422 ],
							"y" : [ -1.297463893890381, 1.315997123718262, -1.297463893890381 ]
						}
					}
				}
			],
			"linearVelocity" : 0,
			"massData-I" : 3.173626422882080,
			"massData-center" : 
			{
				"x" : -0.02086893841624260,
				"y" : -0.4263102114200592
			},
			"massData-mass" : 3.608722448348999,
			"name" : "trin-3",
			"position" : 
			{
				"x" : 21.57494354248047,
				"y" : 15.53758430480957
			},
			"type" : 2
		},
		
		{
			"angle" : 1.570796370506287,
			"angularVelocity" : 0,
			"awake" : true,
			"customProperties" : 
			[
				
				{
					"name" : "SpriteName",
					"string" : "cube-3"
				}
			],
			"fixture" : 
			[
				
				{
					"density" : 1,
					"friction" : 0.2,
					"name" : "fixture6",
					"polygon" : 
					{
						"vertices" : 
						{
							"x" : 
							[
								1.342369079589844,
								1.342369079589844,
								-1.342361450195313,
								-1.342361450195313
							],
							"y" : 
							[
								-0.6241579055786133,
								0.6241574287414551,
								0.6241574287414551,
								-0.6241579055786133
							]
						}
					}
				}
			],
			"linearVelocity" : 0,
			"massData-I" : 2.448210000991821,
			"massData-center" : 
			{
				"x" : 3.819570792984450e-006,
				"y" : -2.397036382717488e-007
			},
			"massData-mass" : 3.351390123367310,
			"name" : "cube-3",
			"position" : 
			{
				"x" : 20.93735504150391,
				"y" : 11.60432720184326
			},
			"type" : 2
		},
		
		{
			"angle" : 0,
			"angularVelocity" : 0,
			"awake" : true,
			"customProperties" : 
			[
				
				{
					"name" : "SpriteName",
					"string" : "rect_2"
				}
			],
			"fixture" : 
			[
				
				{
					"density" : 1,
					"friction" : 0.2,
					"name" : "fixture9",
					"polygon" : 
					{
						"vertices" : 
						{
							"x" : 
							[
								3.166656494140625,
								3.166656494140625,
								-3.166667938232422,
								-3.166667938232422
							],
							"y" : 
							[
								-0.3333206176757813,
								0.3333206176757813,
								0.3333206176757813,
								-0.3333206176757813
							]
						}
					}
				}
			],
			"linearVelocity" : 0,
			"massData-I" : 14.26893138885498,
			"massData-center" : 
			{
				"x" : -5.709945980925113e-006,
				"y" : 8.283441155221283e-010
			},
			"massData-mass" : 4.222055435180664,
			"name" : "rect_2",
			"position" : 
			{
				"x" : 26.08636283874512,
				"y" : 9.468968391418457
			},
			"type" : 2
		},
		
		{
			"angle" : 0,
			"angularVelocity" : 0,
			"awake" : true,
			"customProperties" : 
			[
				
				{
					"name" : "SpriteName",
					"string" : "rect_2"
				}
			],
			"fixture" : 
			[
				
				{
					"density" : 1,
					"friction" : 0.2,
					"name" : "fixture9",
					"polygon" : 
					{
						"vertices" : 
						{
							"x" : 
							[
								3.166656494140625,
								3.166656494140625,
								-3.166667938232422,
								-3.166667938232422
							],
							"y" : 
							[
								-0.3333206176757813,
								0.3333206176757813,
								0.3333206176757813,
								-0.3333206176757813
							]
						}
					}
				}
			],
			"linearVelocity" : 0,
			"massData-I" : 14.26893138885498,
			"massData-center" : 
			{
				"x" : -5.709945980925113e-006,
				"y" : 8.283441155221283e-010
			},
			"massData-mass" : 4.222055435180664,
			"name" : "rect_2",
			"position" : 
			{
				"x" : 26.09376335144043,
				"y" : 8.796412467956543
			},
			"type" : 2
		},
		
		{
			"angle" : 0,
			"angularVelocity" : 0,
			"awake" : true,
			"customProperties" : 
			[
				
				{
					"name" : "SpriteName",
					"string" : "trin-3"
				}
			],
			"fixture" : 
			[
				
				{
					"density" : 1,
					"friction" : 0.2,
					"name" : "fixture6",
					"polygon" : 
					{
						"vertices" : 
						{
							"x" : [ 1.353031158447266, -0.007026672363281250, -1.408611297607422 ],
							"y" : [ -1.297463893890381, 1.315997123718262, -1.297463893890381 ]
						}
					}
				}
			],
			"linearVelocity" : 0,
			"massData-I" : 3.173626422882080,
			"massData-center" : 
			{
				"x" : -0.02086893841624260,
				"y" : -0.4263102114200592
			},
			"massData-mass" : 3.608722448348999,
			"name" : "trin-3",
			"position" : 
			{
				"x" : 29.91506576538086,
				"y" : 16.44035148620606
			},
			"type" : 2
		},
		
		{
			"angle" : 0,
			"angularVelocity" : 0,
			"awake" : true,
			"customProperties" : 
			[
				
				{
					"name" : "SpriteName",
					"string" : "cat"
				},
				
				{
					"bool" : true,
					"name" : "IsCat"
				}
			],
			"fixture" : 
			[
				
				{
					"density" : 1,
					"friction" : 0.2,
					"name" : "fixture10",
					"polygon" : 
					{
						"vertices" : 
						{
							"x" : 
							[
								0.4370084404945374,
								0.01903861761093140,
								-0.3986094594001770,
								-1.113491058349609,
								-1.080260038375855,
								-0.9473472833633423
							],
							"y" : 
							[
								0.5634699463844299,
								0.6014738678932190,
								0.5755053758621216,
								0.4831904768943787,
								0.1739519387483597,
								-0.5797587037086487
							]
						}
					}
				},
				
				{
					"density" : 1,
					"friction" : 0.2,
					"name" : "fixture10",
					"polygon" : 
					{
						"vertices" : 
						{
							"x" : 
							[
								1.451854944229126,
								1.378863096237183,
								1.140632629394531,
								0.4370084404945374,
								-0.9473472833633423,
								1.343667626380920
							],
							"y" : 
							[
								-0.3529120683670044,
								-0.07578484714031220,
								0.1194400787353516,
								0.5634699463844299,
								-0.5797587037086487,
								-0.5851870179176331
							]
						}
					}
				},
				
				{
					"density" : 1,
					"friction" : 0.2,
					"name" : "fixture10",
					"polygon" : 
					{
						"vertices" : 
						{
							"x" : [ -0.9473472833633423, -1.080260038375855, -1.261837244033814 ],
							"y" : [ -0.5797587037086487, 0.1739519387483597, -0.2008963823318481 ]
						}
					}
				},
				
				{
					"density" : 1,
					"friction" : 0.2,
					"name" : "fixture10",
					"polygon" : 
					{
						"vertices" : 
						{
							"x" : [ -0.3986094594001770, -1.031397581100464, -1.113491058349609 ],
							"y" : [ 0.5755053758621216, 0.7761403918266296, 0.4831904768943787 ]
						}
					}
				},
				
				{
					"density" : 1,
					"friction" : 0.2,
					"name" : "fixture10",
					"polygon" : 
					{
						"vertices" : 
						{
							"x" : 
							[
								1.194273710250855,
								1.131538629531860,
								0.4370084404945374,
								1.140632629394531
							],
							"y" : 
							[
								0.4721090197563171,
								0.7709532976150513,
								0.5634699463844299,
								0.1194400787353516
							]
						}
					}
				}
			],
			"linearVelocity" : 0,
			"massData-I" : 1.878558635711670,
			"massData-center" : 
			{
				"x" : 0.08290036767721176,
				"y" : 0.01559394691139460
			},
			"massData-mass" : 2.939248800277710,
			"name" : "cat",
			"position" : 
			{
				"x" : 34.41989135742188,
				"y" : 10.44224834442139
			},
			"type" : 2
		},
		
		{
			"angle" : 0,
			"angularVelocity" : 0,
			"awake" : true,
			"customProperties" : 
			[
				
				{
					"name" : "SpriteName",
					"string" : "Cric-2"
				}
			],
			"fixture" : 
			[
				
				{
					"circle" : 
					{
						"center" : 0,
						"radius" : 0.6117691993713379
					},
					"density" : 1,
					"friction" : 0.2,
					"name" : "fixture7"
				}
			],
			"linearVelocity" : 0,
			"massData-I" : 0.2200241386890411,
			"massData-mass" : 1.175777435302734,
			"name" : "Cric-2",
			"position" : 
			{
				"x" : 23.71900939941406,
				"y" : 6.308656692504883
			},
			"type" : 2
		},
		
		{
			"angle" : 0,
			"angularVelocity" : 0,
			"awake" : true,
			"customProperties" : 
			[
				
				{
					"name" : "SpriteName",
					"string" : "Cric-2"
				}
			],
			"fixture" : 
			[
				
				{
					"circle" : 
					{
						"center" : 0,
						"radius" : 0.6117691993713379
					},
					"density" : 1,
					"friction" : 0.2,
					"name" : "fixture7"
				}
			],
			"linearVelocity" : 0,
			"massData-I" : 0.2200241386890411,
			"massData-mass" : 1.175777435302734,
			"name" : "Cric-2",
			"position" : 
			{
				"x" : 35.78348159790039,
				"y" : 6.308656692504883
			},
			"type" : 2
		},
		
		{
			"angle" : 0,
			"angularVelocity" : 0,
			"awake" : true,
			"customProperties" : 
			[
				
				{
					"name" : "SpriteName",
					"string" : "Cric-1"
				}
			],
			"fixture" : 
			[
				
				{
					"circle" : 
					{
						"center" : 0,
						"radius" : 0.6117691993713379
					},
					"density" : 1,
					"friction" : 0.2,
					"name" : "fixture7"
				}
			],
			"linearVelocity" : 0,
			"massData-I" : 0.2200241386890411,
			"massData-mass" : 1.175777435302734,
			"name" : "Cric-1",
			"position" : 
			{
				"x" : 28.08419036865234,
				"y" : 6.314811706542969
			},
			"type" : 2
		},
		
		{
			"angle" : 0,
			"angularVelocity" : 0,
			"awake" : true,
			"customProperties" : 
			[
				
				{
					"name" : "SpriteName",
					"string" : "block-1"
				}
			],
			"fixture" : 
			[
				
				{
					"density" : 1,
					"friction" : 0.2,
					"name" : "fixture6",
					"polygon" : 
					{
						"vertices" : 
						{
							"x" : 
							[
								1.297462463378906,
								1.297462463378906,
								-1.297473907470703,
								-1.297473907470703
							],
							"y" : 
							[
								-1.297463893890381,
								1.297473907470703,
								1.297473907470703,
								-1.297463893890381
							]
						}
					}
				}
			],
			"linearVelocity" : 0,
			"massData-I" : 7.557116031646729,
			"massData-center" : 
			{
				"x" : -5.713879090762930e-006,
				"y" : 5.001968020224012e-006
			},
			"massData-mass" : 6.733698368072510,
			"name" : "block-1",
			"position" : 
			{
				"x" : 31.71980476379395,
				"y" : 11.79282379150391
			},
			"type" : 2
		},
		
		{
			"angle" : 0,
			"angularVelocity" : 0,
			"awake" : true,
			"customProperties" : 
			[
				
				{
					"name" : "SpriteName",
					"string" : "block-1"
				}
			],
			"fixture" : 
			[
				
				{
					"density" : 1,
					"friction" : 0.2,
					"name" : "fixture6",
					"polygon" : 
					{
						"vertices" : 
						{
							"x" : 
							[
								1.297462463378906,
								1.297462463378906,
								-1.297473907470703,
								-1.297473907470703
							],
							"y" : 
							[
								-1.297463893890381,
								1.297473907470703,
								1.297473907470703,
								-1.297463893890381
							]
						}
					}
				}
			],
			"linearVelocity" : 0,
			"massData-I" : 7.557116031646729,
			"massData-center" : 
			{
				"x" : -5.713879090762930e-006,
				"y" : 5.001968020224012e-006
			},
			"massData-mass" : 6.733698368072510,
			"name" : "block-1",
			"position" : 
			{
				"x" : 28.09108161926270,
				"y" : 11.79282379150391
			},
			"type" : 2
		},
		
		{
			"angle" : 1.570796370506287,
			"angularVelocity" : 0,
			"awake" : true,
			"customProperties" : 
			[
				
				{
					"name" : "SpriteName",
					"string" : "cube-3"
				}
			],
			"fixture" : 
			[
				
				{
					"density" : 1,
					"friction" : 0.2,
					"name" : "fixture6",
					"polygon" : 
					{
						"vertices" : 
						{
							"x" : 
							[
								1.342369079589844,
								1.342369079589844,
								-1.342361450195313,
								-1.342361450195313
							],
							"y" : 
							[
								-0.6241579055786133,
								0.6241574287414551,
								0.6241574287414551,
								-0.6241579055786133
							]
						}
					}
				}
			],
			"linearVelocity" : 0,
			"massData-I" : 2.448210000991821,
			"massData-center" : 
			{
				"x" : 3.819570792984450e-006,
				"y" : -2.397036382717488e-007
			},
			"massData-mass" : 3.351390123367310,
			"name" : "cube-3",
			"position" : 
			{
				"x" : 38.60579681396484,
				"y" : 11.59772396087647
			},
			"type" : 2
		},
		
		{
			"angle" : 1.570796370506287,
			"angularVelocity" : 0,
			"awake" : true,
			"customProperties" : 
			[
				
				{
					"name" : "SpriteName",
					"string" : "cube-3"
				}
			],
			"fixture" : 
			[
				
				{
					"density" : 1,
					"friction" : 0.2,
					"name" : "fixture6",
					"polygon" : 
					{
						"vertices" : 
						{
							"x" : 
							[
								1.342369079589844,
								1.342369079589844,
								-1.342361450195313,
								-1.342361450195313
							],
							"y" : 
							[
								-0.6241579055786133,
								0.6241574287414551,
								0.6241574287414551,
								-0.6241579055786133
							]
						}
					}
				}
			],
			"linearVelocity" : 0,
			"massData-I" : 2.448210000991821,
			"massData-center" : 
			{
				"x" : 3.819570792984450e-006,
				"y" : -2.397036382717488e-007
			},
			"massData-mass" : 3.351390123367310,
			"name" : "cube-3",
			"position" : 
			{
				"x" : 37.35033798217773,
				"y" : 11.60432720184326
			},
			"type" : 2
		},
		
		{
			"angle" : 1.570796370506287,
			"angularVelocity" : 0,
			"awake" : true,
			"customProperties" : 
			[
				
				{
					"name" : "SpriteName",
					"string" : "cube-3"
				}
			],
			"fixture" : 
			[
				
				{
					"density" : 1,
					"friction" : 0.2,
					"name" : "fixture6",
					"polygon" : 
					{
						"vertices" : 
						{
							"x" : 
							[
								1.342369079589844,
								1.342369079589844,
								-1.342361450195313,
								-1.342361450195313
							],
							"y" : 
							[
								-0.6241579055786133,
								0.6241574287414551,
								0.6241574287414551,
								-0.6241579055786133
							]
						}
					}
				}
			],
			"linearVelocity" : 0,
			"massData-I" : 2.448210000991821,
			"massData-center" : 
			{
				"x" : 3.819570792984450e-006,
				"y" : -2.397036382717488e-007
			},
			"massData-mass" : 3.351390123367310,
			"name" : "cube-3",
			"position" : 
			{
				"x" : 34.36687850952148,
				"y" : 7.043213844299316
			},
			"type" : 2
		},
		
		{
			"angle" : 1.570796370506287,
			"angularVelocity" : 0,
			"awake" : true,
			"customProperties" : 
			[
				
				{
					"name" : "SpriteName",
					"string" : "cube-3"
				}
			],
			"fixture" : 
			[
				
				{
					"density" : 1,
					"friction" : 0.2,
					"name" : "fixture6",
					"polygon" : 
					{
						"vertices" : 
						{
							"x" : 
							[
								1.342369079589844,
								1.342369079589844,
								-1.342361450195313,
								-1.342361450195313
							],
							"y" : 
							[
								-0.6241579055786133,
								0.6241574287414551,
								0.6241574287414551,
								-0.6241579055786133
							]
						}
					}
				}
			],
			"linearVelocity" : 0,
			"massData-I" : 2.448210000991821,
			"massData-center" : 
			{
				"x" : 3.819570792984450e-006,
				"y" : -2.397036382717488e-007
			},
			"massData-mass" : 3.351390123367310,
			"name" : "cube-3",
			"position" : 
			{
				"x" : 33.11190032958984,
				"y" : 7.036025047302246
			},
			"type" : 2
		},
		
		{
			"angle" : 0,
			"angularVelocity" : 0,
			"awake" : true,
			"customProperties" : 
			[
				
				{
					"name" : "SpriteName",
					"string" : "cube-2"
				}
			],
			"fixture" : 
			[
				
				{
					"density" : 1,
					"friction" : 0.2,
					"name" : "fixture6",
					"polygon" : 
					{
						"vertices" : 
						{
							"x" : 
							[
								1.342369079589844,
								1.342369079589844,
								-1.342361450195313,
								-1.342361450195313
							],
							"y" : 
							[
								-0.6241579055786133,
								0.6241574287414551,
								0.6241574287414551,
								-0.6241579055786133
							]
						}
					}
				}
			],
			"linearVelocity" : 0,
			"massData-I" : 2.448210000991821,
			"massData-center" : 
			{
				"x" : 3.819570792984450e-006,
				"y" : -2.397036382717488e-007
			},
			"massData-mass" : 3.351390123367310,
			"name" : "cube-2",
			"position" : 
			{
				"x" : 38.03592300415039,
				"y" : 8.346616744995117
			},
			"type" : 2
		},
		
		{
			"angle" : 0,
			"angularVelocity" : 0,
			"awake" : true,
			"customProperties" : 
			[
				
				{
					"name" : "SpriteName",
					"string" : "cube-2"
				}
			],
			"fixture" : 
			[
				
				{
					"density" : 1,
					"friction" : 0.2,
					"name" : "fixture6",
					"polygon" : 
					{
						"vertices" : 
						{
							"x" : 
							[
								1.342369079589844,
								1.342369079589844,
								-1.342361450195313,
								-1.342361450195313
							],
							"y" : 
							[
								-0.6241579055786133,
								0.6241574287414551,
								0.6241574287414551,
								-0.6241579055786133
							]
						}
					}
				}
			],
			"linearVelocity" : 0,
			"massData-I" : 2.448210000991821,
			"massData-center" : 
			{
				"x" : 3.819570792984450e-006,
				"y" : -2.397036382717488e-007
			},
			"massData-mass" : 3.351390123367310,
			"name" : "cube-2",
			"position" : 
			{
				"x" : 38.03592300415039,
				"y" : 9.617464065551758
			},
			"type" : 2
		},
		
		{
			"angle" : 0,
			"angularVelocity" : 0,
			"awake" : true,
			"customProperties" : 
			[
				
				{
					"name" : "SpriteName",
					"string" : "rect_2"
				}
			],
			"fixture" : 
			[
				
				{
					"density" : 1,
					"friction" : 0.2,
					"name" : "fixture9",
					"polygon" : 
					{
						"vertices" : 
						{
							"x" : 
							[
								3.166656494140625,
								3.166656494140625,
								-3.166667938232422,
								-3.166667938232422
							],
							"y" : 
							[
								-0.3333206176757813,
								0.3333206176757813,
								0.3333206176757813,
								-0.3333206176757813
							]
						}
					}
				}
			],
			"linearVelocity" : 0,
			"massData-I" : 14.26893138885498,
			"massData-center" : 
			{
				"x" : -5.709945980925113e-006,
				"y" : 8.283441155221283e-010
			},
			"massData-mass" : 4.222055435180664,
			"name" : "rect_2",
			"position" : 
			{
				"x" : 29.86332130432129,
				"y" : 13.48089408874512
			},
			"type" : 2
		},
		
		{
			"angle" : 1.570796370506287,
			"angularVelocity" : 0,
			"awake" : true,
			"customProperties" : 
			[
				
				{
					"name" : "SpriteName",
					"string" : "cube-1"
				}
			],
			"fixture" : 
			[
				
				{
					"density" : 1,
					"friction" : 0.2,
					"name" : "fixture6",
					"polygon" : 
					{
						"vertices" : 
						{
							"x" : 
							[
								1.342369079589844,
								1.342369079589844,
								-1.342361450195313,
								-1.342361450195313
							],
							"y" : 
							[
								-0.6241579055786133,
								0.6241574287414551,
								0.6241574287414551,
								-0.6241579055786133
							]
						}
					}
				}
			],
			"linearVelocity" : 0,
			"massData-I" : 2.448210000991821,
			"massData-center" : 
			{
				"x" : 3.819570792984450e-006,
				"y" : -2.397036382717488e-007
			},
			"massData-mass" : 3.351390123367310,
			"name" : "cube-1",
			"position" : 
			{
				"x" : 38.66178512573242,
				"y" : 6.370676040649414
			},
			"type" : 2
		},
		
		{
			"angle" : 1.570796370506287,
			"angularVelocity" : 0,
			"awake" : true,
			"customProperties" : 
			[
				
				{
					"name" : "SpriteName",
					"string" : "cube-1"
				}
			],
			"fixture" : 
			[
				
				{
					"density" : 1,
					"friction" : 0.2,
					"name" : "fixture6",
					"polygon" : 
					{
						"vertices" : 
						{
							"x" : 
							[
								1.342369079589844,
								1.342369079589844,
								-1.342361450195313,
								-1.342361450195313
							],
							"y" : 
							[
								-0.6241579055786133,
								0.6241574287414551,
								0.6241574287414551,
								-0.6241579055786133
							]
						}
					}
				}
			],
			"linearVelocity" : 0,
			"massData-I" : 2.448210000991821,
			"massData-center" : 
			{
				"x" : 3.819570792984450e-006,
				"y" : -2.397036382717488e-007
			},
			"massData-mass" : 3.351390123367310,
			"name" : "cube-1",
			"position" : 
			{
				"x" : 20.96353530883789,
				"y" : 6.372514247894287
			},
			"type" : 2
		},
		
		{
			"angle" : 1.570796370506287,
			"angularVelocity" : 0,
			"awake" : true,
			"customProperties" : 
			[
				
				{
					"name" : "SpriteName",
					"string" : "cube-1"
				}
			],
			"fixture" : 
			[
				
				{
					"density" : 1,
					"friction" : 0.2,
					"name" : "fixture6",
					"polygon" : 
					{
						"vertices" : 
						{
							"x" : 
							[
								1.342369079589844,
								1.342369079589844,
								-1.342361450195313,
								-1.342361450195313
							],
							"y" : 
							[
								-0.6241579055786133,
								0.6241574287414551,
								0.6241574287414551,
								-0.6241579055786133
							]
						}
					}
				}
			],
			"linearVelocity" : 0,
			"massData-I" : 2.448210000991821,
			"massData-center" : 
			{
				"x" : 3.819570792984450e-006,
				"y" : -2.397036382717488e-007
			},
			"massData-mass" : 3.351390123367310,
			"name" : "cube-1",
			"position" : 
			{
				"x" : 22.11943054199219,
				"y" : 6.372514247894287
			},
			"type" : 2
		},
		
		{
			"angle" : 1.570796370506287,
			"angularVelocity" : 0,
			"awake" : true,
			"customProperties" : 
			[
				
				{
					"name" : "SpriteName",
					"string" : "cube-1"
				}
			],
			"fixture" : 
			[
				
				{
					"density" : 1,
					"friction" : 0.2,
					"name" : "fixture6",
					"polygon" : 
					{
						"vertices" : 
						{
							"x" : 
							[
								1.342369079589844,
								1.342369079589844,
								-1.342361450195313,
								-1.342361450195313
							],
							"y" : 
							[
								-0.6241579055786133,
								0.6241574287414551,
								0.6241574287414551,
								-0.6241579055786133
							]
						}
					}
				}
			],
			"linearVelocity" : 0,
			"massData-I" : 2.448210000991821,
			"massData-center" : 
			{
				"x" : 3.819570792984450e-006,
				"y" : -2.397036382717488e-007
			},
			"massData-mass" : 3.351390123367310,
			"name" : "cube-1",
			"position" : 
			{
				"x" : 37.35279846191406,
				"y" : 6.370676040649414
			},
			"type" : 2
		},
		
		{
			"angle" : 0,
			"angularVelocity" : 0,
			"awake" : true,
			"customProperties" : 
			[
				
				{
					"name" : "SpriteName",
					"string" : "rect_1"
				}
			],
			"fixture" : 
			[
				
				{
					"density" : 1,
					"friction" : 0.2,
					"name" : "fixture9",
					"polygon" : 
					{
						"vertices" : 
						{
							"x" : 
							[
								3.166656494140625,
								3.166656494140625,
								-3.166667938232422,
								-3.166667938232422
							],
							"y" : 
							[
								-0.3333206176757813,
								0.3333206176757813,
								0.3333206176757813,
								-0.3333206176757813
							]
						}
					}
				}
			],
			"linearVelocity" : 0,
			"massData-I" : 14.26893138885498,
			"massData-center" : 
			{
				"x" : -5.709945980925113e-006,
				"y" : 8.283441155221283e-010
			},
			"massData-mass" : 4.222055435180664,
			"name" : "rect_1",
			"position" : 
			{
				"x" : 33.54701232910156,
				"y" : 5.360021591186523
			},
			"type" : 2
		},
		
		{
			"angle" : 1.570796370506287,
			"angularVelocity" : 0,
			"awake" : true,
			"customProperties" : 
			[
				
				{
					"name" : "SpriteName",
					"string" : "cube-1"
				}
			],
			"fixture" : 
			[
				
				{
					"density" : 1,
					"friction" : 0.2,
					"name" : "fixture6",
					"polygon" : 
					{
						"vertices" : 
						{
							"x" : 
							[
								1.342369079589844,
								1.342369079589844,
								-1.342361450195313,
								-1.342361450195313
							],
							"y" : 
							[
								-0.6241579055786133,
								0.6241574287414551,
								0.6241574287414551,
								-0.6241579055786133
							]
						}
					}
				}
			],
			"linearVelocity" : 0,
			"massData-I" : 2.448210000991821,
			"massData-center" : 
			{
				"x" : 3.819570792984450e-006,
				"y" : -2.397036382717488e-007
			},
			"massData-mass" : 3.351390123367310,
			"name" : "cube-1",
			"position" : 
			{
				"x" : 29.74736404418945,
				"y" : 6.364918708801270
			},
			"type" : 2
		},
		
		{
			"angle" : 0,
			"angularVelocity" : 0,
			"awake" : true,
			"customProperties" : 
			[
				
				{
					"name" : "SpriteName",
					"string" : "rect_1"
				}
			],
			"fixture" : 
			[
				
				{
					"density" : 1,
					"friction" : 0.2,
					"name" : "fixture9",
					"polygon" : 
					{
						"vertices" : 
						{
							"x" : 
							[
								3.166656494140625,
								3.166656494140625,
								-3.166667938232422,
								-3.166667938232422
							],
							"y" : 
							[
								-0.3333206176757813,
								0.3333206176757813,
								0.3333206176757813,
								-0.3333206176757813
							]
						}
					}
				}
			],
			"linearVelocity" : 0,
			"massData-I" : 14.26893138885498,
			"massData-center" : 
			{
				"x" : -5.709945980925113e-006,
				"y" : 8.283441155221283e-010
			},
			"massData-mass" : 4.222055435180664,
			"name" : "rect_1",
			"position" : 
			{
				"x" : 25.94474983215332,
				"y" : 5.355091094970703
			},
			"type" : 2
		},
		
		{
			"angle" : 0,
			"angularVelocity" : 0,
			"awake" : true,
			"customProperties" : 
			[
				
				{
					"name" : "SpriteName",
					"string" : "Cric-1"
				}
			],
			"fixture" : 
			[
				
				{
					"circle" : 
					{
						"center" : 0,
						"radius" : 0.6117691993713379
					},
					"density" : 1,
					"friction" : 0.2,
					"name" : "fixture7"
				}
			],
			"linearVelocity" : 0,
			"massData-I" : 0.2200241386890411,
			"massData-mass" : 1.175777435302734,
			"name" : "Cric-1",
			"position" : 
			{
				"x" : 31.40007972717285,
				"y" : 6.332798004150391
			},
			"type" : 2
		},
		
		{
			"angle" : 0,
			"angularVelocity" : 0,
			"awake" : true,
			"customProperties" : 
			[
				
				{
					"name" : "SpriteName",
					"string" : "cat"
				},
				
				{
					"bool" : true,
					"name" : "IsCat"
				}
			],
			"fixture" : 
			[
				
				{
					"density" : 1,
					"friction" : 0.2,
					"name" : "fixture10",
					"polygon" : 
					{
						"vertices" : 
						{
							"x" : 
							[
								0.4370084404945374,
								0.01903861761093140,
								-0.3986094594001770,
								-1.113491058349609,
								-1.080260038375855,
								-0.9473472833633423
							],
							"y" : 
							[
								0.5634699463844299,
								0.6014738678932190,
								0.5755053758621216,
								0.4831904768943787,
								0.1739519387483597,
								-0.5797587037086487
							]
						}
					}
				},
				
				{
					"density" : 1,
					"friction" : 0.2,
					"name" : "fixture10",
					"polygon" : 
					{
						"vertices" : 
						{
							"x" : 
							[
								1.451854944229126,
								1.378863096237183,
								1.140632629394531,
								0.4370084404945374,
								-0.9473472833633423,
								1.343667626380920
							],
							"y" : 
							[
								-0.3529120683670044,
								-0.07578484714031220,
								0.1194400787353516,
								0.5634699463844299,
								-0.5797587037086487,
								-0.5851870179176331
							]
						}
					}
				},
				
				{
					"density" : 1,
					"friction" : 0.2,
					"name" : "fixture10",
					"polygon" : 
					{
						"vertices" : 
						{
							"x" : [ -0.9473472833633423, -1.080260038375855, -1.261837244033814 ],
							"y" : [ -0.5797587037086487, 0.1739519387483597, -0.2008963823318481 ]
						}
					}
				},
				
				{
					"density" : 1,
					"friction" : 0.2,
					"name" : "fixture10",
					"polygon" : 
					{
						"vertices" : 
						{
							"x" : [ -0.3986094594001770, -1.031397581100464, -1.113491058349609 ],
							"y" : [ 0.5755053758621216, 0.7761403918266296, 0.4831904768943787 ]
						}
					}
				},
				
				{
					"density" : 1,
					"friction" : 0.2,
					"name" : "fixture10",
					"polygon" : 
					{
						"vertices" : 
						{
							"x" : 
							[
								1.194273710250855,
								1.131538629531860,
								0.4370084404945374,
								1.140632629394531
							],
							"y" : 
							[
								0.4721090197563171,
								0.7709532976150513,
								0.5634699463844299,
								0.1194400787353516
							]
						}
					}
				}
			],
			"linearVelocity" : 0,
			"massData-I" : 1.878558635711670,
			"massData-center" : 
			{
				"x" : 0.08290036767721176,
				"y" : 0.01559394691139460
			},
			"massData-mass" : 2.939248800277710,
			"name" : "cat",
			"position" : 
			{
				"x" : 24.26666641235352,
				"y" : 10.37143802642822
			},
			"type" : 2
		},
		
		{
			"angle" : 0,
			"angularVelocity" : 0,
			"awake" : true,
			"customProperties" : 
			[
				
				{
					"name" : "SpriteName",
					"string" : "cube-2"
				}
			],
			"fixture" : 
			[
				
				{
					"density" : 1,
					"friction" : 0.2,
					"name" : "fixture6",
					"polygon" : 
					{
						"vertices" : 
						{
							"x" : 
							[
								1.342369079589844,
								1.342369079589844,
								-1.342361450195313,
								-1.342361450195313
							],
							"y" : 
							[
								-0.6241579055786133,
								0.6241574287414551,
								0.6241574287414551,
								-0.6241579055786133
							]
						}
					}
				}
			],
			"linearVelocity" : 0,
			"massData-I" : 2.448210000991821,
			"massData-center" : 
			{
				"x" : 3.819570792984450e-006,
				"y" : -2.397036382717488e-007
			},
			"massData-mass" : 3.351390123367310,
			"name" : "cube-2",
			"position" : 
			{
				"x" : 37.97052001953125,
				"y" : 13.57591533660889
			},
			"type" : 2
		},
		
		{
			"angle" : 0,
			"angularVelocity" : 0,
			"awake" : true,
			"customProperties" : 
			[
				
				{
					"name" : "SpriteName",
					"string" : "cube-2"
				}
			],
			"fixture" : 
			[
				
				{
					"density" : 1,
					"friction" : 0.2,
					"name" : "fixture6",
					"polygon" : 
					{
						"vertices" : 
						{
							"x" : 
							[
								1.342369079589844,
								1.342369079589844,
								-1.342361450195313,
								-1.342361450195313
							],
							"y" : 
							[
								-0.6241579055786133,
								0.6241574287414551,
								0.6241574287414551,
								-0.6241579055786133
							]
						}
					}
				}
			],
			"linearVelocity" : 0,
			"massData-I" : 2.448210000991821,
			"massData-center" : 
			{
				"x" : 3.819570792984450e-006,
				"y" : -2.397036382717488e-007
			},
			"massData-mass" : 3.351390123367310,
			"name" : "cube-2",
			"position" : 
			{
				"x" : 21.54775428771973,
				"y" : 13.60013771057129
			},
			"type" : 2
		},
		
		{
			"angle" : 0.1393732130527496,
			"angularVelocity" : 0,
			"awake" : true,
			"customProperties" : 
			[
				
				{
					"name" : "SpriteName",
					"string" : "chataput"
				},
				
				{
					"bool" : false,
					"name" : "IsCat"
				}
			],
			"fixture" : 
			[
				
				{
					"chain" : 
					{
						"vertices" : 
						{
							"x" : [ 0.08103969693183899, 1.555899977684021 ],
							"y" : [ 1.536309957504273, 1.562379956245422 ]
						}
					},
					"density" : 1,
					"friction" : 0.7,
					"name" : "fixture3"
				},
				
				{
					"chain" : 
					{
						"vertices" : 
						{
							"x" : [ 0.08103968203067780, 1.555902719497681 ],
							"y" : [ 1.536308884620667, 1.562378287315369 ]
						}
					},
					"density" : 1,
					"friction" : 0.7,
					"name" : "fixture3"
				},
				
				{
					"density" : 1,
					"friction" : 0.7,
					"name" : "fixture2",
					"polygon" : 
					{
						"vertices" : 
						{
							"x" : [ 0.3333363533020020, 0.3333363533020020, -0.3333365917205811 ],
							"y" : [ -2.316666603088379, 2.31666636466980, -2.316666603088379 ]
						}
					}
				},
				
				{
					"density" : 1,
					"friction" : 0.7,
					"name" : "fixture2",
					"polygon" : 
					{
						"vertices" : 
						{
							"x" : [ 0.3333363533020020, -0.3333365917205811, -0.3333365917205811 ],
							"y" : [ 2.31666636466980, 2.31666636466980, -2.316666603088379 ]
						}
					}
				}
			],
			"linearVelocity" : 0,
			"massData-I" : 5.640422344207764,
			"massData-center" : 
			{
				"x" : -1.173495220996301e-007,
				"y" : -1.286618100948545e-007
			},
			"massData-mass" : 3.088917732238770,
			"name" : "catapult",
			"position" : 
			{
				"x" : 5.034976959228516,
				"y" : 7.366430759429932
			},
			"type" : 2
		},
		
		{
			"angle" : 0,
			"angularVelocity" : 0,
			"awake" : true,
			"fixture" : 
			[
				
				{
					"chain" : 
					{
						"vertices" : 
						{
							"x" : [ 19.02759552001953, 42.28439712524414 ],
							"y" : [ 0.0, 0.0 ]
						}
					},
					"density" : 1,
					"friction" : 0.2,
					"name" : "fixture0"
				},
				
				{
					"chain" : 
					{
						"vertices" : 
						{
							"x" : [ 4.677376747131348, 5.677376747131348 ],
							"y" : [ 0.0, 0.0 ]
						}
					},
					"density" : 1,
					"friction" : 0.2,
					"name" : "fixture0"
				}
			],
			"linearVelocity" : 0,
			"name" : "ground",
			"position" : 
			{
				"x" : 0.01908770017325878,
				"y" : 5.007639884948731
			},
			"type" : 0
		}
	],
	"collisionbitplanes" : 
	{
		"names" : 
		[
			"bitplane1",
			"bitplane2",
			"bitplane3",
			"bitplane4",
			"bitplane5",
			"bitplane6",
			"bitplane7",
			"bitplane8",
			"bitplane9",
			"bitplane10",
			"bitplane11",
			"bitplane12",
			"bitplane13",
			"bitplane14",
			"bitplane15",
			"bitplane16",
			"bitplane17",
			"bitplane18",
			"bitplane19",
			"bitplane20",
			"bitplane21",
			"bitplane22",
			"bitplane23",
			"bitplane24",
			"bitplane25",
			"bitplane26",
			"bitplane27",
			"bitplane28",
			"bitplane29",
			"bitplane30",
			"bitplane31",
			"bitplane32"
		]
	},
	"continuousPhysics" : true,
	"customProperties" : 
	[
		
		{
			"name" : "ListOfFish",
			"string" : "2,3,4,5,3,2"
		}
	],
	"gravity" : 
	{
		"x" : 0,
		"y" : -10
	},
	"image" : 
	[
		
		{
			"aspectScale" : 1,
			"body" : 33,
			"center" : 
			{
				"x" : -0.01577377319335938,
				"y" : -0.009109020233154297
			},
			"corners" : 
			{
				"x" : 
				[
					-0.6563987731933594,
					0.6248512268066406,
					0.6248512268066406,
					-0.6563987731933594
				],
				"y" : 
				[
					-0.6497340202331543,
					-0.6497340202331543,
					0.6315159797668457,
					0.6315159797668457
				]
			},
			"file" : "../pngs/cube-1.png",
			"filter" : 1,
			"glDrawElements" : [ 0, 1, 2, 2, 3, 0 ],
			"glTexCoordPointer" : [ 0.0, 0.0, 1, 0.0, 1, 1, 0.0, 1 ],
			"glVertexPointer" : 
			[
				-0.6563987731933594,
				-0.6497340202331543,
				0.6248512268066406,
				-0.6497340202331543,
				0.6248512268066406,
				0.6315159797668457,
				-0.6563987731933594,
				0.6315159797668457
			],
			"name" : "image18",
			"opacity" : 0.5,
			"scale" : 1.281250
		},
		
		{
			"aspectScale" : 1,
			"body" : 16,
			"center" : 
			{
				"x" : 0.001834869384765625,
				"y" : -0.01265525817871094
			},
			"corners" : 
			{
				"x" : 
				[
					-0.6387901306152344,
					0.6424598693847656,
					0.6424598693847656,
					-0.6387901306152344
				],
				"y" : 
				[
					-0.6532802581787109,
					-0.6532802581787109,
					0.6279697418212891,
					0.6279697418212891
				]
			},
			"file" : "../pngs/Cric-2.png",
			"filter" : 1,
			"glDrawElements" : [ 0, 1, 2, 2, 3, 0 ],
			"glTexCoordPointer" : [ 0.0, 0.0, 1, 0.0, 1, 1, 0.0, 1 ],
			"glVertexPointer" : 
			[
				-0.6387901306152344,
				-0.6532802581787109,
				0.6424598693847656,
				-0.6532802581787109,
				0.6424598693847656,
				0.6279697418212891,
				-0.6387901306152344,
				0.6279697418212891
			],
			"name" : "image13",
			"opacity" : 0.5,
			"scale" : 1.281250
		},
		
		{
			"aspectScale" : 1,
			"body" : 17,
			"center" : 
			{
				"x" : 0.001834869384765625,
				"y" : -0.01265525817871094
			},
			"corners" : 
			{
				"x" : 
				[
					-0.6387901306152344,
					0.6424598693847656,
					0.6424598693847656,
					-0.6387901306152344
				],
				"y" : 
				[
					-0.6532802581787109,
					-0.6532802581787109,
					0.6279697418212891,
					0.6279697418212891
				]
			},
			"file" : "../pngs/Cric-2.png",
			"filter" : 1,
			"glDrawElements" : [ 0, 1, 2, 2, 3, 0 ],
			"glTexCoordPointer" : [ 0.0, 0.0, 1, 0.0, 1, 1, 0.0, 1 ],
			"glVertexPointer" : 
			[
				-0.6387901306152344,
				-0.6532802581787109,
				0.6424598693847656,
				-0.6532802581787109,
				0.6424598693847656,
				0.6279697418212891,
				-0.6387901306152344,
				0.6279697418212891
			],
			"name" : "image13",
			"opacity" : 0.5,
			"scale" : 1.281250
		},
		
		{
			"aspectScale" : 1,
			"body" : 18,
			"center" : 
			{
				"x" : -0.0010681152343750,
				"y" : 0.01834011077880859
			},
			"corners" : 
			{
				"x" : 
				[
					-0.6416931152343750,
					0.6395568847656250,
					0.6395568847656250,
					-0.6416931152343750
				],
				"y" : 
				[
					-0.6222848892211914,
					-0.6222848892211914,
					0.6589651107788086,
					0.6589651107788086
				]
			},
			"file" : "../pngs/Cric-1.png",
			"filter" : 1,
			"glDrawElements" : [ 0, 1, 2, 2, 3, 0 ],
			"glTexCoordPointer" : [ 0.0, 0.0, 1, 0.0, 1, 1, 0.0, 1 ],
			"glVertexPointer" : 
			[
				-0.6416931152343750,
				-0.6222848892211914,
				0.6395568847656250,
				-0.6222848892211914,
				0.6395568847656250,
				0.6589651107788086,
				-0.6416931152343750,
				0.6589651107788086
			],
			"name" : "image12",
			"opacity" : 0.5,
			"scale" : 1.281250
		},
		
		{
			"aspectScale" : 1,
			"body" : 27,
			"center" : 
			{
				"x" : 0.01123428344726563,
				"y" : -0.0063781738281250
			},
			"corners" : 
			{
				"x" : 
				[
					-0.3325157165527344,
					0.3549842834472656,
					0.3549842834472656,
					-0.3325157165527344
				],
				"y" : 
				[
					-0.3501281738281250,
					-0.3501281738281250,
					0.3373718261718750,
					0.3373718261718750
				]
			},
			"file" : "../pngs/rect_2.png",
			"filter" : 1,
			"glDrawElements" : [ 0, 1, 2, 2, 3, 0 ],
			"glTexCoordPointer" : [ 0.0, 0.0, 1, 0.0, 1, 1, 0.0, 1 ],
			"glVertexPointer" : 
			[
				-0.3325157165527344,
				-0.3501281738281250,
				0.3549842834472656,
				-0.3501281738281250,
				0.3549842834472656,
				0.3373718261718750,
				-0.3325157165527344,
				0.3373718261718750
			],
			"name" : "image25",
			"opacity" : 0.5,
			"scale" : 0.68750
		},
		
		{
			"aspectScale" : 1,
			"body" : 9,
			"center" : 
			{
				"x" : -0.01663589477539063,
				"y" : -0.04875898361206055
			},
			"corners" : 
			{
				"x" : 
				[
					-1.329135894775391,
					1.295864105224609,
					1.295864105224609,
					-1.329135894775391
				],
				"y" : 
				[
					-1.361258983612061,
					-1.361258983612061,
					1.263741016387940,
					1.263741016387940
				]
			},
			"file" : "../pngs/trin-3.png",
			"filter" : 1,
			"glDrawElements" : [ 0, 1, 2, 2, 3, 0 ],
			"glTexCoordPointer" : [ 0.0, 0.0, 1, 0.0, 1, 1, 0.0, 1 ],
			"glVertexPointer" : 
			[
				-1.329135894775391,
				-1.361258983612061,
				1.295864105224609,
				-1.361258983612061,
				1.295864105224609,
				1.263741016387940,
				-1.329135894775391,
				1.263741016387940
			],
			"name" : "image23",
			"opacity" : 0.5,
			"scale" : 2.6250
		},
		
		{
			"aspectScale" : 1,
			"body" : 8,
			"center" : 
			{
				"x" : -0.002773284912109375,
				"y" : 0.003706693649291992
			},
			"corners" : 
			{
				"x" : 
				[
					-0.6433982849121094,
					0.6378517150878906,
					0.6378517150878906,
					-0.6433982849121094
				],
				"y" : 
				[
					-0.6369183063507080,
					-0.6369183063507080,
					0.6443316936492920,
					0.6443316936492920
				]
			},
			"file" : "../pngs/cube-3.png",
			"filter" : 1,
			"glDrawElements" : [ 0, 1, 2, 2, 3, 0 ],
			"glTexCoordPointer" : [ 0.0, 0.0, 1, 0.0, 1, 1, 0.0, 1 ],
			"glVertexPointer" : 
			[
				-0.6433982849121094,
				-0.6369183063507080,
				0.6378517150878906,
				-0.6369183063507080,
				0.6378517150878906,
				0.6443316936492920,
				-0.6433982849121094,
				0.6443316936492920
			],
			"name" : "image20",
			"opacity" : 0.5,
			"scale" : 1.281250
		},
		
		{
			"aspectScale" : 1,
			"body" : 38,
			"center" : 
			{
				"x" : -0.01255035400390625,
				"y" : 0.002144813537597656
			},
			"corners" : 
			{
				"x" : 
				[
					-0.6531753540039063,
					0.6280746459960938,
					0.6280746459960938,
					-0.6531753540039063
				],
				"y" : 
				[
					-0.6384801864624023,
					-0.6384801864624023,
					0.6427698135375977,
					0.6427698135375977
				]
			},
			"file" : "../pngs/cube-2.png",
			"filter" : 1,
			"glDrawElements" : [ 0, 1, 2, 2, 3, 0 ],
			"glTexCoordPointer" : [ 0.0, 0.0, 1, 0.0, 1, 1, 0.0, 1 ],
			"glVertexPointer" : 
			[
				-0.6531753540039063,
				-0.6384801864624023,
				0.6280746459960938,
				-0.6384801864624023,
				0.6280746459960938,
				0.6427698135375977,
				-0.6531753540039063,
				0.6427698135375977
			],
			"name" : "image19",
			"opacity" : 0.5,
			"scale" : 1.281250
		},
		
		{
			"aspectScale" : 1,
			"body" : 37,
			"center" : 
			{
				"x" : -0.01255035400390625,
				"y" : 0.002144813537597656
			},
			"corners" : 
			{
				"x" : 
				[
					-0.6531753540039063,
					0.6280746459960938,
					0.6280746459960938,
					-0.6531753540039063
				],
				"y" : 
				[
					-0.6384801864624023,
					-0.6384801864624023,
					0.6427698135375977,
					0.6427698135375977
				]
			},
			"file" : "../pngs/cube-2.png",
			"filter" : 1,
			"glDrawElements" : [ 0, 1, 2, 2, 3, 0 ],
			"glTexCoordPointer" : [ 0.0, 0.0, 1, 0.0, 1, 1, 0.0, 1 ],
			"glVertexPointer" : 
			[
				-0.6531753540039063,
				-0.6384801864624023,
				0.6280746459960938,
				-0.6384801864624023,
				0.6280746459960938,
				0.6427698135375977,
				-0.6531753540039063,
				0.6427698135375977
			],
			"name" : "image19",
			"opacity" : 0.5,
			"scale" : 1.281250
		},
		
		{
			"aspectScale" : 1,
			"body" : 34,
			"center" : 
			{
				"x" : 0.000343322753906250,
				"y" : -0.007152557373046875
			},
			"corners" : 
			{
				"x" : 
				[
					-0.3434066772460938,
					0.3440933227539063,
					0.3440933227539063,
					-0.3434066772460938
				],
				"y" : 
				[
					-0.3509025573730469,
					-0.3509025573730469,
					0.3365974426269531,
					0.3365974426269531
				]
			},
			"file" : "../pngs/rect_1.png",
			"filter" : 1,
			"glDrawElements" : [ 0, 1, 2, 2, 3, 0 ],
			"glTexCoordPointer" : [ 0.0, 0.0, 1, 0.0, 1, 1, 0.0, 1 ],
			"glVertexPointer" : 
			[
				-0.3434066772460938,
				-0.3509025573730469,
				0.3440933227539063,
				-0.3509025573730469,
				0.3440933227539063,
				0.3365974426269531,
				-0.3434066772460938,
				0.3365974426269531
			],
			"name" : "image24",
			"opacity" : 0.5,
			"scale" : 0.68750
		},
		
		{
			"aspectScale" : 1,
			"body" : 36,
			"center" : 
			{
				"x" : 0.3575630187988281,
				"y" : 0.08759307861328125
			},
			"corners" : 
			{
				"x" : 
				[
					-0.3299369812011719,
					1.045063018798828,
					1.045063018798828,
					-0.3299369812011719
				],
				"y" : 
				[
					-0.5999069213867188,
					-0.5999069213867188,
					0.7750930786132813,
					0.7750930786132813
				]
			},
			"file" : "../pngs/cat.png",
			"filter" : 1,
			"glDrawElements" : [ 0, 1, 2, 2, 3, 0 ],
			"glTexCoordPointer" : [ 0.0, 0.0, 1, 0.0, 1, 1, 0.0, 1 ],
			"glVertexPointer" : 
			[
				-0.3299369812011719,
				-0.5999069213867188,
				1.045063018798828,
				-0.5999069213867188,
				1.045063018798828,
				0.7750930786132813,
				-0.3299369812011719,
				0.7750930786132813
			],
			"name" : "image27",
			"opacity" : 0.5,
			"scale" : 1.3750
		},
		
		{
			"aspectScale" : 1,
			"body" : 32,
			"center" : 
			{
				"x" : 0.000343322753906250,
				"y" : -0.007152557373046875
			},
			"corners" : 
			{
				"x" : 
				[
					-0.3434066772460938,
					0.3440933227539063,
					0.3440933227539063,
					-0.3434066772460938
				],
				"y" : 
				[
					-0.3509025573730469,
					-0.3509025573730469,
					0.3365974426269531,
					0.3365974426269531
				]
			},
			"file" : "../pngs/rect_1.png",
			"filter" : 1,
			"glDrawElements" : [ 0, 1, 2, 2, 3, 0 ],
			"glTexCoordPointer" : [ 0.0, 0.0, 1, 0.0, 1, 1, 0.0, 1 ],
			"glVertexPointer" : 
			[
				-0.3434066772460938,
				-0.3509025573730469,
				0.3440933227539063,
				-0.3509025573730469,
				0.3440933227539063,
				0.3365974426269531,
				-0.3434066772460938,
				0.3365974426269531
			],
			"name" : "image24",
			"opacity" : 0.5,
			"scale" : 0.68750
		},
		
		{
			"aspectScale" : 1,
			"body" : 31,
			"center" : 
			{
				"x" : -0.01577377319335938,
				"y" : -0.009109020233154297
			},
			"corners" : 
			{
				"x" : 
				[
					-0.6563987731933594,
					0.6248512268066406,
					0.6248512268066406,
					-0.6563987731933594
				],
				"y" : 
				[
					-0.6497340202331543,
					-0.6497340202331543,
					0.6315159797668457,
					0.6315159797668457
				]
			},
			"file" : "../pngs/cube-1.png",
			"filter" : 1,
			"glDrawElements" : [ 0, 1, 2, 2, 3, 0 ],
			"glTexCoordPointer" : [ 0.0, 0.0, 1, 0.0, 1, 1, 0.0, 1 ],
			"glVertexPointer" : 
			[
				-0.6563987731933594,
				-0.6497340202331543,
				0.6248512268066406,
				-0.6497340202331543,
				0.6248512268066406,
				0.6315159797668457,
				-0.6563987731933594,
				0.6315159797668457
			],
			"name" : "image18",
			"opacity" : 0.5,
			"scale" : 1.281250
		},
		
		{
			"aspectScale" : 1,
			"body" : 35,
			"center" : 
			{
				"x" : -0.0010681152343750,
				"y" : 0.01834011077880859
			},
			"corners" : 
			{
				"x" : 
				[
					-0.6416931152343750,
					0.6395568847656250,
					0.6395568847656250,
					-0.6416931152343750
				],
				"y" : 
				[
					-0.6222848892211914,
					-0.6222848892211914,
					0.6589651107788086,
					0.6589651107788086
				]
			},
			"file" : "../pngs/Cric-1.png",
			"filter" : 1,
			"glDrawElements" : [ 0, 1, 2, 2, 3, 0 ],
			"glTexCoordPointer" : [ 0.0, 0.0, 1, 0.0, 1, 1, 0.0, 1 ],
			"glVertexPointer" : 
			[
				-0.6416931152343750,
				-0.6222848892211914,
				0.6395568847656250,
				-0.6222848892211914,
				0.6395568847656250,
				0.6589651107788086,
				-0.6416931152343750,
				0.6589651107788086
			],
			"name" : "image12",
			"opacity" : 0.5,
			"scale" : 1.281250
		},
		
		{
			"aspectScale" : 1,
			"body" : 30,
			"center" : 
			{
				"x" : -0.01577377319335938,
				"y" : -0.009109020233154297
			},
			"corners" : 
			{
				"x" : 
				[
					-0.6563987731933594,
					0.6248512268066406,
					0.6248512268066406,
					-0.6563987731933594
				],
				"y" : 
				[
					-0.6497340202331543,
					-0.6497340202331543,
					0.6315159797668457,
					0.6315159797668457
				]
			},
			"file" : "../pngs/cube-1.png",
			"filter" : 1,
			"glDrawElements" : [ 0, 1, 2, 2, 3, 0 ],
			"glTexCoordPointer" : [ 0.0, 0.0, 1, 0.0, 1, 1, 0.0, 1 ],
			"glVertexPointer" : 
			[
				-0.6563987731933594,
				-0.6497340202331543,
				0.6248512268066406,
				-0.6497340202331543,
				0.6248512268066406,
				0.6315159797668457,
				-0.6563987731933594,
				0.6315159797668457
			],
			"name" : "image18",
			"opacity" : 0.5,
			"scale" : 1.281250
		},
		
		{
			"aspectScale" : 1,
			"body" : 29,
			"center" : 
			{
				"x" : -0.01577377319335938,
				"y" : -0.009109020233154297
			},
			"corners" : 
			{
				"x" : 
				[
					-0.6563987731933594,
					0.6248512268066406,
					0.6248512268066406,
					-0.6563987731933594
				],
				"y" : 
				[
					-0.6497340202331543,
					-0.6497340202331543,
					0.6315159797668457,
					0.6315159797668457
				]
			},
			"file" : "../pngs/cube-1.png",
			"filter" : 1,
			"glDrawElements" : [ 0, 1, 2, 2, 3, 0 ],
			"glTexCoordPointer" : [ 0.0, 0.0, 1, 0.0, 1, 1, 0.0, 1 ],
			"glVertexPointer" : 
			[
				-0.6563987731933594,
				-0.6497340202331543,
				0.6248512268066406,
				-0.6497340202331543,
				0.6248512268066406,
				0.6315159797668457,
				-0.6563987731933594,
				0.6315159797668457
			],
			"name" : "image18",
			"opacity" : 0.5,
			"scale" : 1.281250
		},
		
		{
			"aspectScale" : 1,
			"body" : 28,
			"center" : 
			{
				"x" : -0.01577377319335938,
				"y" : -0.009109020233154297
			},
			"corners" : 
			{
				"x" : 
				[
					-0.6563987731933594,
					0.6248512268066406,
					0.6248512268066406,
					-0.6563987731933594
				],
				"y" : 
				[
					-0.6497340202331543,
					-0.6497340202331543,
					0.6315159797668457,
					0.6315159797668457
				]
			},
			"file" : "../pngs/cube-1.png",
			"filter" : 1,
			"glDrawElements" : [ 0, 1, 2, 2, 3, 0 ],
			"glTexCoordPointer" : [ 0.0, 0.0, 1, 0.0, 1, 1, 0.0, 1 ],
			"glVertexPointer" : 
			[
				-0.6563987731933594,
				-0.6497340202331543,
				0.6248512268066406,
				-0.6497340202331543,
				0.6248512268066406,
				0.6315159797668457,
				-0.6563987731933594,
				0.6315159797668457
			],
			"name" : "image18",
			"opacity" : 0.5,
			"scale" : 1.281250
		},
		
		{
			"aspectScale" : 1,
			"body" : 26,
			"center" : 
			{
				"x" : -0.01255035400390625,
				"y" : 0.002144813537597656
			},
			"corners" : 
			{
				"x" : 
				[
					-0.6531753540039063,
					0.6280746459960938,
					0.6280746459960938,
					-0.6531753540039063
				],
				"y" : 
				[
					-0.6384801864624023,
					-0.6384801864624023,
					0.6427698135375977,
					0.6427698135375977
				]
			},
			"file" : "../pngs/cube-2.png",
			"filter" : 1,
			"glDrawElements" : [ 0, 1, 2, 2, 3, 0 ],
			"glTexCoordPointer" : [ 0.0, 0.0, 1, 0.0, 1, 1, 0.0, 1 ],
			"glVertexPointer" : 
			[
				-0.6531753540039063,
				-0.6384801864624023,
				0.6280746459960938,
				-0.6384801864624023,
				0.6280746459960938,
				0.6427698135375977,
				-0.6531753540039063,
				0.6427698135375977
			],
			"name" : "image19",
			"opacity" : 0.5,
			"scale" : 1.281250
		},
		
		{
			"aspectScale" : 1,
			"body" : 25,
			"center" : 
			{
				"x" : -0.01255035400390625,
				"y" : 0.002144813537597656
			},
			"corners" : 
			{
				"x" : 
				[
					-0.6531753540039063,
					0.6280746459960938,
					0.6280746459960938,
					-0.6531753540039063
				],
				"y" : 
				[
					-0.6384801864624023,
					-0.6384801864624023,
					0.6427698135375977,
					0.6427698135375977
				]
			},
			"file" : "../pngs/cube-2.png",
			"filter" : 1,
			"glDrawElements" : [ 0, 1, 2, 2, 3, 0 ],
			"glTexCoordPointer" : [ 0.0, 0.0, 1, 0.0, 1, 1, 0.0, 1 ],
			"glVertexPointer" : 
			[
				-0.6531753540039063,
				-0.6384801864624023,
				0.6280746459960938,
				-0.6384801864624023,
				0.6280746459960938,
				0.6427698135375977,
				-0.6531753540039063,
				0.6427698135375977
			],
			"name" : "image19",
			"opacity" : 0.5,
			"scale" : 1.281250
		},
		
		{
			"aspectScale" : 1,
			"body" : 24,
			"center" : 
			{
				"x" : -0.002773284912109375,
				"y" : 0.003706693649291992
			},
			"corners" : 
			{
				"x" : 
				[
					-0.6433982849121094,
					0.6378517150878906,
					0.6378517150878906,
					-0.6433982849121094
				],
				"y" : 
				[
					-0.6369183063507080,
					-0.6369183063507080,
					0.6443316936492920,
					0.6443316936492920
				]
			},
			"file" : "../pngs/cube-3.png",
			"filter" : 1,
			"glDrawElements" : [ 0, 1, 2, 2, 3, 0 ],
			"glTexCoordPointer" : [ 0.0, 0.0, 1, 0.0, 1, 1, 0.0, 1 ],
			"glVertexPointer" : 
			[
				-0.6433982849121094,
				-0.6369183063507080,
				0.6378517150878906,
				-0.6369183063507080,
				0.6378517150878906,
				0.6443316936492920,
				-0.6433982849121094,
				0.6443316936492920
			],
			"name" : "image20",
			"opacity" : 0.5,
			"scale" : 1.281250
		},
		
		{
			"aspectScale" : 1,
			"body" : 22,
			"center" : 
			{
				"x" : -0.002773284912109375,
				"y" : 0.003706693649291992
			},
			"corners" : 
			{
				"x" : 
				[
					-0.6433982849121094,
					0.6378517150878906,
					0.6378517150878906,
					-0.6433982849121094
				],
				"y" : 
				[
					-0.6369183063507080,
					-0.6369183063507080,
					0.6443316936492920,
					0.6443316936492920
				]
			},
			"file" : "../pngs/cube-3.png",
			"filter" : 1,
			"glDrawElements" : [ 0, 1, 2, 2, 3, 0 ],
			"glTexCoordPointer" : [ 0.0, 0.0, 1, 0.0, 1, 1, 0.0, 1 ],
			"glVertexPointer" : 
			[
				-0.6433982849121094,
				-0.6369183063507080,
				0.6378517150878906,
				-0.6369183063507080,
				0.6378517150878906,
				0.6443316936492920,
				-0.6433982849121094,
				0.6443316936492920
			],
			"name" : "image20",
			"opacity" : 0.5,
			"scale" : 1.281250
		},
		
		{
			"aspectScale" : 1,
			"body" : 1,
			"center" : 
			{
				"x" : -0.01255035400390625,
				"y" : 0.002144813537597656
			},
			"corners" : 
			{
				"x" : 
				[
					-0.6531753540039063,
					0.6280746459960938,
					0.6280746459960938,
					-0.6531753540039063
				],
				"y" : 
				[
					-0.6384801864624023,
					-0.6384801864624023,
					0.6427698135375977,
					0.6427698135375977
				]
			},
			"file" : "../pngs/cube-2.png",
			"filter" : 1,
			"glDrawElements" : [ 0, 1, 2, 2, 3, 0 ],
			"glTexCoordPointer" : [ 0.0, 0.0, 1, 0.0, 1, 1, 0.0, 1 ],
			"glVertexPointer" : 
			[
				-0.6531753540039063,
				-0.6384801864624023,
				0.6280746459960938,
				-0.6384801864624023,
				0.6280746459960938,
				0.6427698135375977,
				-0.6531753540039063,
				0.6427698135375977
			],
			"name" : "image19",
			"opacity" : 0.5,
			"scale" : 1.281250
		},
		
		{
			"aspectScale" : 1,
			"body" : 2,
			"center" : 
			{
				"x" : -0.01255035400390625,
				"y" : 0.002144813537597656
			},
			"corners" : 
			{
				"x" : 
				[
					-0.6531753540039063,
					0.6280746459960938,
					0.6280746459960938,
					-0.6531753540039063
				],
				"y" : 
				[
					-0.6384801864624023,
					-0.6384801864624023,
					0.6427698135375977,
					0.6427698135375977
				]
			},
			"file" : "../pngs/cube-2.png",
			"filter" : 1,
			"glDrawElements" : [ 0, 1, 2, 2, 3, 0 ],
			"glTexCoordPointer" : [ 0.0, 0.0, 1, 0.0, 1, 1, 0.0, 1 ],
			"glVertexPointer" : 
			[
				-0.6531753540039063,
				-0.6384801864624023,
				0.6280746459960938,
				-0.6384801864624023,
				0.6280746459960938,
				0.6427698135375977,
				-0.6531753540039063,
				0.6427698135375977
			],
			"name" : "image19",
			"opacity" : 0.5,
			"scale" : 1.281250
		},
		
		{
			"aspectScale" : 1,
			"body" : 3,
			"center" : 
			{
				"x" : 0.01123428344726563,
				"y" : -0.0063781738281250
			},
			"corners" : 
			{
				"x" : 
				[
					-0.3325157165527344,
					0.3549842834472656,
					0.3549842834472656,
					-0.3325157165527344
				],
				"y" : 
				[
					-0.3501281738281250,
					-0.3501281738281250,
					0.3373718261718750,
					0.3373718261718750
				]
			},
			"file" : "../pngs/rect_2.png",
			"filter" : 1,
			"glDrawElements" : [ 0, 1, 2, 2, 3, 0 ],
			"glTexCoordPointer" : [ 0.0, 0.0, 1, 0.0, 1, 1, 0.0, 1 ],
			"glVertexPointer" : 
			[
				-0.3325157165527344,
				-0.3501281738281250,
				0.3549842834472656,
				-0.3501281738281250,
				0.3549842834472656,
				0.3373718261718750,
				-0.3325157165527344,
				0.3373718261718750
			],
			"name" : "image25",
			"opacity" : 0.5,
			"scale" : 0.68750
		},
		
		{
			"aspectScale" : 1,
			"body" : 4,
			"center" : 
			{
				"x" : 0.01123428344726563,
				"y" : -0.0063781738281250
			},
			"corners" : 
			{
				"x" : 
				[
					-0.3325157165527344,
					0.3549842834472656,
					0.3549842834472656,
					-0.3325157165527344
				],
				"y" : 
				[
					-0.3501281738281250,
					-0.3501281738281250,
					0.3373718261718750,
					0.3373718261718750
				]
			},
			"file" : "../pngs/rect_2.png",
			"filter" : 1,
			"glDrawElements" : [ 0, 1, 2, 2, 3, 0 ],
			"glTexCoordPointer" : [ 0.0, 0.0, 1, 0.0, 1, 1, 0.0, 1 ],
			"glVertexPointer" : 
			[
				-0.3325157165527344,
				-0.3501281738281250,
				0.3549842834472656,
				-0.3501281738281250,
				0.3549842834472656,
				0.3373718261718750,
				-0.3325157165527344,
				0.3373718261718750
			],
			"name" : "image25",
			"opacity" : 0.5,
			"scale" : 0.68750
		},
		
		{
			"aspectScale" : 1,
			"body" : 5,
			"center" : 
			{
				"x" : 0.01123428344726563,
				"y" : -0.0063781738281250
			},
			"corners" : 
			{
				"x" : 
				[
					-0.3325157165527344,
					0.3549842834472656,
					0.3549842834472656,
					-0.3325157165527344
				],
				"y" : 
				[
					-0.3501281738281250,
					-0.3501281738281250,
					0.3373718261718750,
					0.3373718261718750
				]
			},
			"file" : "../pngs/rect_2.png",
			"filter" : 1,
			"glDrawElements" : [ 0, 1, 2, 2, 3, 0 ],
			"glTexCoordPointer" : [ 0.0, 0.0, 1, 0.0, 1, 1, 0.0, 1 ],
			"glVertexPointer" : 
			[
				-0.3325157165527344,
				-0.3501281738281250,
				0.3549842834472656,
				-0.3501281738281250,
				0.3549842834472656,
				0.3373718261718750,
				-0.3325157165527344,
				0.3373718261718750
			],
			"name" : "image25",
			"opacity" : 0.5,
			"scale" : 0.68750
		},
		
		{
			"aspectScale" : 1,
			"body" : 6,
			"center" : 
			{
				"x" : -0.002773284912109375,
				"y" : 0.003706693649291992
			},
			"corners" : 
			{
				"x" : 
				[
					-0.6433982849121094,
					0.6378517150878906,
					0.6378517150878906,
					-0.6433982849121094
				],
				"y" : 
				[
					-0.6369183063507080,
					-0.6369183063507080,
					0.6443316936492920,
					0.6443316936492920
				]
			},
			"file" : "../pngs/cube-3.png",
			"filter" : 1,
			"glDrawElements" : [ 0, 1, 2, 2, 3, 0 ],
			"glTexCoordPointer" : [ 0.0, 0.0, 1, 0.0, 1, 1, 0.0, 1 ],
			"glVertexPointer" : 
			[
				-0.6433982849121094,
				-0.6369183063507080,
				0.6378517150878906,
				-0.6369183063507080,
				0.6378517150878906,
				0.6443316936492920,
				-0.6433982849121094,
				0.6443316936492920
			],
			"name" : "image20",
			"opacity" : 0.5,
			"scale" : 1.281250
		},
		
		{
			"aspectScale" : 1,
			"body" : 7,
			"center" : 
			{
				"x" : -0.002773284912109375,
				"y" : 0.003706693649291992
			},
			"corners" : 
			{
				"x" : 
				[
					-0.6433982849121094,
					0.6378517150878906,
					0.6378517150878906,
					-0.6433982849121094
				],
				"y" : 
				[
					-0.6369183063507080,
					-0.6369183063507080,
					0.6443316936492920,
					0.6443316936492920
				]
			},
			"file" : "../pngs/cube-3.png",
			"filter" : 1,
			"glDrawElements" : [ 0, 1, 2, 2, 3, 0 ],
			"glTexCoordPointer" : [ 0.0, 0.0, 1, 0.0, 1, 1, 0.0, 1 ],
			"glVertexPointer" : 
			[
				-0.6433982849121094,
				-0.6369183063507080,
				0.6378517150878906,
				-0.6369183063507080,
				0.6378517150878906,
				0.6443316936492920,
				-0.6433982849121094,
				0.6443316936492920
			],
			"name" : "image20",
			"opacity" : 0.5,
			"scale" : 1.281250
		},
		
		{
			"aspectScale" : 1,
			"body" : 19,
			"center" : 
			{
				"x" : -0.01548385620117188,
				"y" : -0.006140232086181641
			},
			"corners" : 
			{
				"x" : 
				[
					-1.343608856201172,
					1.312641143798828,
					1.312641143798828,
					-1.343608856201172
				],
				"y" : 
				[
					-1.334265232086182,
					-1.334265232086182,
					1.321984767913818,
					1.321984767913818
				]
			},
			"file" : "../pngs/block-1.png",
			"filter" : 1,
			"glDrawElements" : [ 0, 1, 2, 2, 3, 0 ],
			"glTexCoordPointer" : [ 0.0, 0.0, 1, 0.0, 1, 1, 0.0, 1 ],
			"glVertexPointer" : 
			[
				-1.343608856201172,
				-1.334265232086182,
				1.312641143798828,
				-1.334265232086182,
				1.312641143798828,
				1.321984767913818,
				-1.343608856201172,
				1.321984767913818
			],
			"name" : "image6",
			"opacity" : 0.5,
			"scale" : 2.656250
		},
		
		{
			"aspectScale" : 1,
			"body" : 20,
			"center" : 
			{
				"x" : -0.01548385620117188,
				"y" : -0.006140232086181641
			},
			"corners" : 
			{
				"x" : 
				[
					-1.343608856201172,
					1.312641143798828,
					1.312641143798828,
					-1.343608856201172
				],
				"y" : 
				[
					-1.334265232086182,
					-1.334265232086182,
					1.321984767913818,
					1.321984767913818
				]
			},
			"file" : "../pngs/block-1.png",
			"filter" : 1,
			"glDrawElements" : [ 0, 1, 2, 2, 3, 0 ],
			"glTexCoordPointer" : [ 0.0, 0.0, 1, 0.0, 1, 1, 0.0, 1 ],
			"glVertexPointer" : 
			[
				-1.343608856201172,
				-1.334265232086182,
				1.312641143798828,
				-1.334265232086182,
				1.312641143798828,
				1.321984767913818,
				-1.343608856201172,
				1.321984767913818
			],
			"name" : "image6",
			"opacity" : 0.5,
			"scale" : 2.656250
		},
		
		{
			"aspectScale" : 1,
			"body" : 0,
			"center" : 
			{
				"x" : -0.01255035400390625,
				"y" : 0.002144813537597656
			},
			"corners" : 
			{
				"x" : 
				[
					-0.6531753540039063,
					0.6280746459960938,
					0.6280746459960938,
					-0.6531753540039063
				],
				"y" : 
				[
					-0.6384801864624023,
					-0.6384801864624023,
					0.6427698135375977,
					0.6427698135375977
				]
			},
			"file" : "../pngs/cube-2.png",
			"filter" : 1,
			"glDrawElements" : [ 0, 1, 2, 2, 3, 0 ],
			"glTexCoordPointer" : [ 0.0, 0.0, 1, 0.0, 1, 1, 0.0, 1 ],
			"glVertexPointer" : 
			[
				-0.6531753540039063,
				-0.6384801864624023,
				0.6280746459960938,
				-0.6384801864624023,
				0.6280746459960938,
				0.6427698135375977,
				-0.6531753540039063,
				0.6427698135375977
			],
			"name" : "image19",
			"opacity" : 0.5,
			"scale" : 1.281250
		},
		
		{
			"aspectScale" : 1,
			"body" : 21,
			"center" : 
			{
				"x" : -0.002773284912109375,
				"y" : 0.003706693649291992
			},
			"corners" : 
			{
				"x" : 
				[
					-0.6433982849121094,
					0.6378517150878906,
					0.6378517150878906,
					-0.6433982849121094
				],
				"y" : 
				[
					-0.6369183063507080,
					-0.6369183063507080,
					0.6443316936492920,
					0.6443316936492920
				]
			},
			"file" : "../pngs/cube-3.png",
			"filter" : 1,
			"glDrawElements" : [ 0, 1, 2, 2, 3, 0 ],
			"glTexCoordPointer" : [ 0.0, 0.0, 1, 0.0, 1, 1, 0.0, 1 ],
			"glVertexPointer" : 
			[
				-0.6433982849121094,
				-0.6369183063507080,
				0.6378517150878906,
				-0.6369183063507080,
				0.6378517150878906,
				0.6443316936492920,
				-0.6433982849121094,
				0.6443316936492920
			],
			"name" : "image20",
			"opacity" : 0.5,
			"scale" : 1.281250
		},
		
		{
			"aspectScale" : 1,
			"body" : 23,
			"center" : 
			{
				"x" : -0.002773284912109375,
				"y" : 0.003706693649291992
			},
			"corners" : 
			{
				"x" : 
				[
					-0.6433982849121094,
					0.6378517150878906,
					0.6378517150878906,
					-0.6433982849121094
				],
				"y" : 
				[
					-0.6369183063507080,
					-0.6369183063507080,
					0.6443316936492920,
					0.6443316936492920
				]
			},
			"file" : "../pngs/cube-3.png",
			"filter" : 1,
			"glDrawElements" : [ 0, 1, 2, 2, 3, 0 ],
			"glTexCoordPointer" : [ 0.0, 0.0, 1, 0.0, 1, 1, 0.0, 1 ],
			"glVertexPointer" : 
			[
				-0.6433982849121094,
				-0.6369183063507080,
				0.6378517150878906,
				-0.6369183063507080,
				0.6378517150878906,
				0.6443316936492920,
				-0.6433982849121094,
				0.6443316936492920
			],
			"name" : "image20",
			"opacity" : 0.5,
			"scale" : 1.281250
		},
		
		{
			"aspectScale" : 1,
			"body" : 10,
			"center" : 
			{
				"x" : -0.01663589477539063,
				"y" : -0.04875898361206055
			},
			"corners" : 
			{
				"x" : 
				[
					-1.329135894775391,
					1.295864105224609,
					1.295864105224609,
					-1.329135894775391
				],
				"y" : 
				[
					-1.361258983612061,
					-1.361258983612061,
					1.263741016387940,
					1.263741016387940
				]
			},
			"file" : "../pngs/trin-3.png",
			"filter" : 1,
			"glDrawElements" : [ 0, 1, 2, 2, 3, 0 ],
			"glTexCoordPointer" : [ 0.0, 0.0, 1, 0.0, 1, 1, 0.0, 1 ],
			"glVertexPointer" : 
			[
				-1.329135894775391,
				-1.361258983612061,
				1.295864105224609,
				-1.361258983612061,
				1.295864105224609,
				1.263741016387940,
				-1.329135894775391,
				1.263741016387940
			],
			"name" : "image23",
			"opacity" : 0.5,
			"scale" : 2.6250
		},
		
		{
			"aspectScale" : 1,
			"body" : 11,
			"center" : 
			{
				"x" : -0.002773284912109375,
				"y" : 0.003706693649291992
			},
			"corners" : 
			{
				"x" : 
				[
					-0.6433982849121094,
					0.6378517150878906,
					0.6378517150878906,
					-0.6433982849121094
				],
				"y" : 
				[
					-0.6369183063507080,
					-0.6369183063507080,
					0.6443316936492920,
					0.6443316936492920
				]
			},
			"file" : "../pngs/cube-3.png",
			"filter" : 1,
			"glDrawElements" : [ 0, 1, 2, 2, 3, 0 ],
			"glTexCoordPointer" : [ 0.0, 0.0, 1, 0.0, 1, 1, 0.0, 1 ],
			"glVertexPointer" : 
			[
				-0.6433982849121094,
				-0.6369183063507080,
				0.6378517150878906,
				-0.6369183063507080,
				0.6378517150878906,
				0.6443316936492920,
				-0.6433982849121094,
				0.6443316936492920
			],
			"name" : "image20",
			"opacity" : 0.5,
			"scale" : 1.281250
		},
		
		{
			"aspectScale" : 1,
			"body" : 12,
			"center" : 
			{
				"x" : 0.01123428344726563,
				"y" : -0.0063781738281250
			},
			"corners" : 
			{
				"x" : 
				[
					-0.3325157165527344,
					0.3549842834472656,
					0.3549842834472656,
					-0.3325157165527344
				],
				"y" : 
				[
					-0.3501281738281250,
					-0.3501281738281250,
					0.3373718261718750,
					0.3373718261718750
				]
			},
			"file" : "../pngs/rect_2.png",
			"filter" : 1,
			"glDrawElements" : [ 0, 1, 2, 2, 3, 0 ],
			"glTexCoordPointer" : [ 0.0, 0.0, 1, 0.0, 1, 1, 0.0, 1 ],
			"glVertexPointer" : 
			[
				-0.3325157165527344,
				-0.3501281738281250,
				0.3549842834472656,
				-0.3501281738281250,
				0.3549842834472656,
				0.3373718261718750,
				-0.3325157165527344,
				0.3373718261718750
			],
			"name" : "image25",
			"opacity" : 0.5,
			"scale" : 0.68750
		},
		
		{
			"aspectScale" : 1,
			"body" : 13,
			"center" : 
			{
				"x" : 0.01123428344726563,
				"y" : -0.0063781738281250
			},
			"corners" : 
			{
				"x" : 
				[
					-0.3325157165527344,
					0.3549842834472656,
					0.3549842834472656,
					-0.3325157165527344
				],
				"y" : 
				[
					-0.3501281738281250,
					-0.3501281738281250,
					0.3373718261718750,
					0.3373718261718750
				]
			},
			"file" : "../pngs/rect_2.png",
			"filter" : 1,
			"glDrawElements" : [ 0, 1, 2, 2, 3, 0 ],
			"glTexCoordPointer" : [ 0.0, 0.0, 1, 0.0, 1, 1, 0.0, 1 ],
			"glVertexPointer" : 
			[
				-0.3325157165527344,
				-0.3501281738281250,
				0.3549842834472656,
				-0.3501281738281250,
				0.3549842834472656,
				0.3373718261718750,
				-0.3325157165527344,
				0.3373718261718750
			],
			"name" : "image25",
			"opacity" : 0.5,
			"scale" : 0.68750
		},
		
		{
			"aspectScale" : 1,
			"body" : 14,
			"center" : 
			{
				"x" : -0.01663589477539063,
				"y" : -0.04875898361206055
			},
			"corners" : 
			{
				"x" : 
				[
					-1.329135894775391,
					1.295864105224609,
					1.295864105224609,
					-1.329135894775391
				],
				"y" : 
				[
					-1.361258983612061,
					-1.361258983612061,
					1.263741016387940,
					1.263741016387940
				]
			},
			"file" : "../pngs/trin-3.png",
			"filter" : 1,
			"glDrawElements" : [ 0, 1, 2, 2, 3, 0 ],
			"glTexCoordPointer" : [ 0.0, 0.0, 1, 0.0, 1, 1, 0.0, 1 ],
			"glVertexPointer" : 
			[
				-1.329135894775391,
				-1.361258983612061,
				1.295864105224609,
				-1.361258983612061,
				1.295864105224609,
				1.263741016387940,
				-1.329135894775391,
				1.263741016387940
			],
			"name" : "image23",
			"opacity" : 0.5,
			"scale" : 2.6250
		},
		
		{
			"aspectScale" : 1,
			"body" : 15,
			"center" : 
			{
				"x" : 0.3575630187988281,
				"y" : 0.08759307861328125
			},
			"corners" : 
			{
				"x" : 
				[
					-0.3299369812011719,
					1.045063018798828,
					1.045063018798828,
					-0.3299369812011719
				],
				"y" : 
				[
					-0.5999069213867188,
					-0.5999069213867188,
					0.7750930786132813,
					0.7750930786132813
				]
			},
			"file" : "../pngs/cat.png",
			"filter" : 1,
			"glDrawElements" : [ 0, 1, 2, 2, 3, 0 ],
			"glTexCoordPointer" : [ 0.0, 0.0, 1, 0.0, 1, 1, 0.0, 1 ],
			"glVertexPointer" : 
			[
				-0.3299369812011719,
				-0.5999069213867188,
				1.045063018798828,
				-0.5999069213867188,
				1.045063018798828,
				0.7750930786132813,
				-0.3299369812011719,
				0.7750930786132813
			],
			"name" : "image27",
			"opacity" : 0.5,
			"scale" : 1.3750
		}
	],
	"joint" : 
	[
		
		{
			"anchorA" : 
			{
				"x" : 4.980912208557129,
				"y" : -0.02059841156005859
			},
			"anchorB" : 
			{
				"x" : -0.3552217781543732,
				"y" : -2.347689867019653
			},
			"bodyA" : 40,
			"bodyB" : 39,
			"enableLimit" : true,
			"enableMotor" : true,
			"jointSpeed" : 0,
			"lowerLimit" : 1.745329260826111,
			"maxMotorTorque" : 2000.0,
			"motorSpeed" : -4.363323211669922,
			"name" : "catapult_joint",
			"refAngle" : -1.570796370506287,
			"type" : "revolute",
			"upperLimit" : 2.617993831634522
		}
	],
	"positionIterations" : 3,
	"stepsPerSecond" : 60.0,
	"subStepping" : false,
	"velocityIterations" : 8,
	"warmStarting" : true
}
