
{
	"allowSleep" : true,
	"autoClearForces" : true,
	"body" : 
	[
		
		{
			"angle" : 0,
			"angularVelocity" : 0,
			"awake" : true,
			"customProperties" : 
			[
				
				{
					"name" : "SpriteName",
					"string" : "cube-3"
				}
			],
			"fixture" : 
			[
				
				{
					"density" : 1,
					"friction" : 0.2,
					"name" : "fixture6",
					"polygon" : 
					{
						"vertices" : 
						{
							"x" : 
							[
								1.342369079589844,
								1.342369079589844,
								-1.342361450195313,
								-1.342361450195313
							],
							"y" : 
							[
								-0.6241579055786133,
								0.6241574287414551,
								0.6241574287414551,
								-0.6241579055786133
							]
						}
					}
				}
			],
			"linearVelocity" : 0,
			"massData-I" : 2.448210000991821,
			"massData-center" : 
			{
				"x" : 3.819570792984450e-006,
				"y" : -2.397036382717488e-007
			},
			"massData-mass" : 3.351390123367310,
			"name" : "cube-3",
			"position" : 
			{
				"x" : 25.77100181579590,
				"y" : 16.1711425781250
			},
			"type" : 2
		},
		
		{
			"angle" : 0,
			"angularVelocity" : 0,
			"awake" : true,
			"customProperties" : 
			[
				
				{
					"name" : "SpriteName",
					"string" : "trin-3"
				}
			],
			"fixture" : 
			[
				
				{
					"density" : 1,
					"friction" : 0.2,
					"name" : "fixture6",
					"polygon" : 
					{
						"vertices" : 
						{
							"x" : [ 1.353031158447266, -0.007026672363281250, -1.408611297607422 ],
							"y" : [ -1.297463893890381, 1.315997123718262, -1.297463893890381 ]
						}
					}
				}
			],
			"linearVelocity" : 0,
			"massData-I" : 3.173626422882080,
			"massData-center" : 
			{
				"x" : -0.02086893841624260,
				"y" : -0.4263102114200592
			},
			"massData-mass" : 3.608722448348999,
			"name" : "trin-3",
			"position" : 
			{
				"x" : 25.74774742126465,
				"y" : 18.14481163024902
			},
			"type" : 2
		},
		
		{
			"angle" : 0,
			"angularVelocity" : 0,
			"awake" : true,
			"customProperties" : 
			[
				
				{
					"name" : "SpriteName",
					"string" : "cube-3"
				}
			],
			"fixture" : 
			[
				
				{
					"density" : 1,
					"friction" : 0.2,
					"name" : "fixture6",
					"polygon" : 
					{
						"vertices" : 
						{
							"x" : 
							[
								1.342369079589844,
								1.342369079589844,
								-1.342361450195313,
								-1.342361450195313
							],
							"y" : 
							[
								-0.6241579055786133,
								0.6241574287414551,
								0.6241574287414551,
								-0.6241579055786133
							]
						}
					}
				}
			],
			"linearVelocity" : 0,
			"massData-I" : 2.448210000991821,
			"massData-center" : 
			{
				"x" : 3.819570792984450e-006,
				"y" : -2.397036382717488e-007
			},
			"massData-mass" : 3.351390123367310,
			"name" : "cube-3",
			"position" : 
			{
				"x" : 36.18736648559570,
				"y" : 16.1711425781250
			},
			"type" : 2
		},
		
		{
			"angle" : 0,
			"angularVelocity" : 0,
			"awake" : true,
			"customProperties" : 
			[
				
				{
					"name" : "SpriteName",
					"string" : "cat"
				},
				
				{
					"bool" : true,
					"name" : "IsCat"
				}
			],
			"fixture" : 
			[
				
				{
					"density" : 1,
					"friction" : 0.2,
					"name" : "fixture10",
					"polygon" : 
					{
						"vertices" : 
						{
							"x" : 
							[
								0.4370084404945374,
								0.01903861761093140,
								-0.3986094594001770,
								-1.113491058349609,
								-1.080260038375855,
								-0.9473472833633423
							],
							"y" : 
							[
								0.5634699463844299,
								0.6014738678932190,
								0.5755053758621216,
								0.4831904768943787,
								0.1739519387483597,
								-0.5797587037086487
							]
						}
					}
				},
				
				{
					"density" : 1,
					"friction" : 0.2,
					"name" : "fixture10",
					"polygon" : 
					{
						"vertices" : 
						{
							"x" : 
							[
								1.451854944229126,
								1.378863096237183,
								1.140632629394531,
								0.4370084404945374,
								-0.9473472833633423,
								1.343667626380920
							],
							"y" : 
							[
								-0.3529120683670044,
								-0.07578484714031220,
								0.1194400787353516,
								0.5634699463844299,
								-0.5797587037086487,
								-0.5851870179176331
							]
						}
					}
				},
				
				{
					"density" : 1,
					"friction" : 0.2,
					"name" : "fixture10",
					"polygon" : 
					{
						"vertices" : 
						{
							"x" : [ -0.9473472833633423, -1.080260038375855, -1.261837244033814 ],
							"y" : [ -0.5797587037086487, 0.1739519387483597, -0.2008963823318481 ]
						}
					}
				},
				
				{
					"density" : 1,
					"friction" : 0.2,
					"name" : "fixture10",
					"polygon" : 
					{
						"vertices" : 
						{
							"x" : [ -0.3986094594001770, -1.031397581100464, -1.113491058349609 ],
							"y" : [ 0.5755053758621216, 0.7761403918266296, 0.4831904768943787 ]
						}
					}
				},
				
				{
					"density" : 1,
					"friction" : 0.2,
					"name" : "fixture10",
					"polygon" : 
					{
						"vertices" : 
						{
							"x" : 
							[
								1.194273710250855,
								1.131538629531860,
								0.4370084404945374,
								1.140632629394531
							],
							"y" : 
							[
								0.4721090197563171,
								0.7709532976150513,
								0.5634699463844299,
								0.1194400787353516
							]
						}
					}
				}
			],
			"linearVelocity" : 0,
			"massData-I" : 1.878558635711670,
			"massData-center" : 
			{
				"x" : 0.08290036767721176,
				"y" : 0.01559394691139460
			},
			"massData-mass" : 2.939248800277710,
			"name" : "cat",
			"position" : 
			{
				"x" : 25.30650138854981,
				"y" : 12.72083854675293
			},
			"type" : 2
		},
		
		{
			"angle" : 0,
			"angularVelocity" : 0,
			"awake" : true,
			"customProperties" : 
			[
				
				{
					"name" : "SpriteName",
					"string" : "rect_3"
				}
			],
			"fixture" : 
			[
				
				{
					"density" : 1,
					"friction" : 0.2,
					"name" : "fixture9",
					"polygon" : 
					{
						"vertices" : 
						{
							"x" : 
							[
								3.166656494140625,
								3.166656494140625,
								-3.166667938232422,
								-3.166667938232422
							],
							"y" : 
							[
								-0.3333206176757813,
								0.3333206176757813,
								0.3333206176757813,
								-0.3333206176757813
							]
						}
					}
				}
			],
			"linearVelocity" : 0,
			"massData-I" : 14.26893138885498,
			"massData-center" : 
			{
				"x" : -5.709945980925113e-006,
				"y" : 8.283441155221283e-010
			},
			"massData-mass" : 4.222055435180664,
			"name" : "rect_3",
			"position" : 
			{
				"x" : 25.57059288024902,
				"y" : 15.21017932891846
			},
			"type" : 2
		},
		
		{
			"angle" : 1.560531377792358,
			"angularVelocity" : 0,
			"awake" : true,
			"customProperties" : 
			[
				
				{
					"name" : "SpriteName",
					"string" : "base_2"
				}
			],
			"fixture" : 
			[
				
				{
					"density" : 1,
					"friction" : 0.2,
					"name" : "fixture5",
					"polygon" : 
					{
						"vertices" : 
						{
							"x" : 
							[
								1.334270000457764,
								1.334270000457764,
								-1.334270000457764,
								-1.334270000457764
							],
							"y" : 
							[
								-0.3417620062828064,
								0.3417620062828064,
								0.3417620062828064,
								-0.3417620062828064
							]
						}
					}
				}
			],
			"linearVelocity" : 0,
			"massData-I" : 1.153430342674255,
			"massData-center" : 
			{
				"x" : -5.735634744929996e-010,
				"y" : 4.719595825264378e-010
			},
			"massData-mass" : 1.824011206626892,
			"name" : "base_2",
			"position" : 
			{
				"x" : 28.09137916564941,
				"y" : 13.52522850036621
			},
			"type" : 2
		},
		
		{
			"angle" : 1.560531377792358,
			"angularVelocity" : 0,
			"awake" : true,
			"customProperties" : 
			[
				
				{
					"name" : "SpriteName",
					"string" : "base_2"
				}
			],
			"fixture" : 
			[
				
				{
					"density" : 1,
					"friction" : 0.2,
					"name" : "fixture5",
					"polygon" : 
					{
						"vertices" : 
						{
							"x" : 
							[
								1.334270000457764,
								1.334270000457764,
								-1.334270000457764,
								-1.334270000457764
							],
							"y" : 
							[
								-0.3417620062828064,
								0.3417620062828064,
								0.3417620062828064,
								-0.3417620062828064
							]
						}
					}
				}
			],
			"linearVelocity" : 0,
			"massData-I" : 1.153430342674255,
			"massData-center" : 
			{
				"x" : -5.735634744929996e-010,
				"y" : 4.719595825264378e-010
			},
			"massData-mass" : 1.824011206626892,
			"name" : "base_2",
			"position" : 
			{
				"x" : 23.29635429382324,
				"y" : 13.52522850036621
			},
			"type" : 2
		},
		
		{
			"angle" : 0,
			"angularVelocity" : 0,
			"awake" : true,
			"customProperties" : 
			[
				
				{
					"name" : "SpriteName",
					"string" : "cat"
				},
				
				{
					"bool" : true,
					"name" : "IsCat"
				}
			],
			"fixture" : 
			[
				
				{
					"density" : 1,
					"friction" : 0.2,
					"name" : "fixture10",
					"polygon" : 
					{
						"vertices" : 
						{
							"x" : 
							[
								0.4370084404945374,
								0.01903861761093140,
								-0.3986094594001770,
								-1.113491058349609,
								-1.080260038375855,
								-0.9473472833633423
							],
							"y" : 
							[
								0.5634699463844299,
								0.6014738678932190,
								0.5755053758621216,
								0.4831904768943787,
								0.1739519387483597,
								-0.5797587037086487
							]
						}
					}
				},
				
				{
					"density" : 1,
					"friction" : 0.2,
					"name" : "fixture10",
					"polygon" : 
					{
						"vertices" : 
						{
							"x" : 
							[
								1.451854944229126,
								1.378863096237183,
								1.140632629394531,
								0.4370084404945374,
								-0.9473472833633423,
								1.343667626380920
							],
							"y" : 
							[
								-0.3529120683670044,
								-0.07578484714031220,
								0.1194400787353516,
								0.5634699463844299,
								-0.5797587037086487,
								-0.5851870179176331
							]
						}
					}
				},
				
				{
					"density" : 1,
					"friction" : 0.2,
					"name" : "fixture10",
					"polygon" : 
					{
						"vertices" : 
						{
							"x" : [ -0.9473472833633423, -1.080260038375855, -1.261837244033814 ],
							"y" : [ -0.5797587037086487, 0.1739519387483597, -0.2008963823318481 ]
						}
					}
				},
				
				{
					"density" : 1,
					"friction" : 0.2,
					"name" : "fixture10",
					"polygon" : 
					{
						"vertices" : 
						{
							"x" : [ -0.3986094594001770, -1.031397581100464, -1.113491058349609 ],
							"y" : [ 0.5755053758621216, 0.7761403918266296, 0.4831904768943787 ]
						}
					}
				},
				
				{
					"density" : 1,
					"friction" : 0.2,
					"name" : "fixture10",
					"polygon" : 
					{
						"vertices" : 
						{
							"x" : 
							[
								1.194273710250855,
								1.131538629531860,
								0.4370084404945374,
								1.140632629394531
							],
							"y" : 
							[
								0.4721090197563171,
								0.7709532976150513,
								0.5634699463844299,
								0.1194400787353516
							]
						}
					}
				}
			],
			"linearVelocity" : 0,
			"massData-I" : 1.878558635711670,
			"massData-center" : 
			{
				"x" : 0.08290036767721176,
				"y" : 0.01559394691139460
			},
			"massData-mass" : 2.939248800277710,
			"name" : "cat",
			"position" : 
			{
				"x" : 35.98953628540039,
				"y" : 12.72083854675293
			},
			"type" : 2
		},
		
		{
			"angle" : 0,
			"angularVelocity" : 0,
			"awake" : true,
			"customProperties" : 
			[
				
				{
					"name" : "SpriteName",
					"string" : "rect_3"
				}
			],
			"fixture" : 
			[
				
				{
					"density" : 1,
					"friction" : 0.2,
					"name" : "fixture9",
					"polygon" : 
					{
						"vertices" : 
						{
							"x" : 
							[
								3.166656494140625,
								3.166656494140625,
								-3.166667938232422,
								-3.166667938232422
							],
							"y" : 
							[
								-0.3333206176757813,
								0.3333206176757813,
								0.3333206176757813,
								-0.3333206176757813
							]
						}
					}
				}
			],
			"linearVelocity" : 0,
			"massData-I" : 14.26893138885498,
			"massData-center" : 
			{
				"x" : -5.709945980925113e-006,
				"y" : 8.283441155221283e-010
			},
			"massData-mass" : 4.222055435180664,
			"name" : "rect_3",
			"position" : 
			{
				"x" : 36.16423034667969,
				"y" : 15.21017932891846
			},
			"type" : 2
		},
		
		{
			"angle" : 1.560531377792358,
			"angularVelocity" : 0,
			"awake" : true,
			"customProperties" : 
			[
				
				{
					"name" : "SpriteName",
					"string" : "base_2"
				}
			],
			"fixture" : 
			[
				
				{
					"density" : 1,
					"friction" : 0.2,
					"name" : "fixture5",
					"polygon" : 
					{
						"vertices" : 
						{
							"x" : 
							[
								1.334270000457764,
								1.334270000457764,
								-1.334270000457764,
								-1.334270000457764
							],
							"y" : 
							[
								-0.3417620062828064,
								0.3417620062828064,
								0.3417620062828064,
								-0.3417620062828064
							]
						}
					}
				}
			],
			"linearVelocity" : 0,
			"massData-I" : 1.153430342674255,
			"massData-center" : 
			{
				"x" : -5.735634744929996e-010,
				"y" : 4.719595825264378e-010
			},
			"massData-mass" : 1.824011206626892,
			"name" : "base_2",
			"position" : 
			{
				"x" : 38.68501663208008,
				"y" : 13.52522850036621
			},
			"type" : 2
		},
		
		{
			"angle" : 0,
			"angularVelocity" : 0,
			"awake" : true,
			"customProperties" : 
			[
				
				{
					"name" : "SpriteName",
					"string" : "rect_2"
				}
			],
			"fixture" : 
			[
				
				{
					"density" : 1,
					"friction" : 0.2,
					"name" : "fixture9",
					"polygon" : 
					{
						"vertices" : 
						{
							"x" : 
							[
								3.166656494140625,
								3.166656494140625,
								-3.166667938232422,
								-3.166667938232422
							],
							"y" : 
							[
								-0.3333206176757813,
								0.3333206176757813,
								0.3333206176757813,
								-0.3333206176757813
							]
						}
					}
				}
			],
			"linearVelocity" : 0,
			"massData-I" : 14.26893138885498,
			"massData-center" : 
			{
				"x" : -5.709945980925113e-006,
				"y" : 8.283441155221283e-010
			},
			"massData-mass" : 4.222055435180664,
			"name" : "rect_2",
			"position" : 
			{
				"x" : 36.28560638427734,
				"y" : 11.83037090301514
			},
			"type" : 2
		},
		
		{
			"angle" : 0,
			"angularVelocity" : 0,
			"awake" : true,
			"customProperties" : 
			[
				
				{
					"name" : "SpriteName",
					"string" : "rect_2"
				}
			],
			"fixture" : 
			[
				
				{
					"density" : 1,
					"friction" : 0.2,
					"name" : "fixture9",
					"polygon" : 
					{
						"vertices" : 
						{
							"x" : 
							[
								3.166656494140625,
								3.166656494140625,
								-3.166667938232422,
								-3.166667938232422
							],
							"y" : 
							[
								-0.3333206176757813,
								0.3333206176757813,
								0.3333206176757813,
								-0.3333206176757813
							]
						}
					}
				}
			],
			"linearVelocity" : 0,
			"massData-I" : 14.26893138885498,
			"massData-center" : 
			{
				"x" : -5.709945980925113e-006,
				"y" : 8.283441155221283e-010
			},
			"massData-mass" : 4.222055435180664,
			"name" : "rect_2",
			"position" : 
			{
				"x" : 25.70671272277832,
				"y" : 11.80743789672852
			},
			"type" : 2
		},
		
		{
			"angle" : 0,
			"angularVelocity" : 0,
			"awake" : true,
			"customProperties" : 
			[
				
				{
					"name" : "SpriteName",
					"string" : "box_2"
				}
			],
			"fixture" : 
			[
				
				{
					"density" : 1,
					"friction" : 0.2,
					"name" : "fixture6",
					"polygon" : 
					{
						"vertices" : 
						{
							"x" : 
							[
								0.6268577575683594,
								0.6268577575683594,
								-0.6268615722656250,
								-0.6268615722656250
							],
							"y" : 
							[
								-0.6268587112426758,
								0.6268587112426758,
								0.6268587112426758,
								-0.6268587112426758
							]
						}
					}
				}
			],
			"linearVelocity" : 0,
			"massData-I" : 0.4117643237113953,
			"massData-center" : 
			{
				"x" : -1.903789438983949e-006,
				"y" : 1.340548561046262e-009
			},
			"massData-mass" : 1.571809768676758,
			"name" : "box_2",
			"position" : 
			{
				"x" : 27.10733032226563,
				"y" : 8.149043083190918
			},
			"type" : 2
		},
		
		{
			"angle" : 0,
			"angularVelocity" : 0,
			"awake" : true,
			"customProperties" : 
			[
				
				{
					"name" : "SpriteName",
					"string" : "cube-2"
				}
			],
			"fixture" : 
			[
				
				{
					"density" : 1,
					"friction" : 0.2,
					"name" : "fixture6",
					"polygon" : 
					{
						"vertices" : 
						{
							"x" : 
							[
								1.342369079589844,
								1.342369079589844,
								-1.342361450195313,
								-1.342361450195313
							],
							"y" : 
							[
								-0.6241579055786133,
								0.6241574287414551,
								0.6241574287414551,
								-0.6241579055786133
							]
						}
					}
				}
			],
			"linearVelocity" : 0,
			"massData-I" : 2.448210000991821,
			"massData-center" : 
			{
				"x" : 3.819570792984450e-006,
				"y" : -2.397036382717488e-007
			},
			"massData-mass" : 3.351390123367310,
			"name" : "cube-2",
			"position" : 
			{
				"x" : 25.11053276062012,
				"y" : 8.143671035766602
			},
			"type" : 2
		},
		
		{
			"angle" : 0,
			"angularVelocity" : 0,
			"awake" : true,
			"customProperties" : 
			[
				
				{
					"name" : "SpriteName",
					"string" : "cube-2"
				}
			],
			"fixture" : 
			[
				
				{
					"density" : 1,
					"friction" : 0.2,
					"name" : "fixture6",
					"polygon" : 
					{
						"vertices" : 
						{
							"x" : 
							[
								1.342369079589844,
								1.342369079589844,
								-1.342361450195313,
								-1.342361450195313
							],
							"y" : 
							[
								-0.6241579055786133,
								0.6241574287414551,
								0.6241574287414551,
								-0.6241579055786133
							]
						}
					}
				}
			],
			"linearVelocity" : 0,
			"massData-I" : 2.448210000991821,
			"massData-center" : 
			{
				"x" : 3.819570792984450e-006,
				"y" : -2.397036382717488e-007
			},
			"massData-mass" : 3.351390123367310,
			"name" : "cube-2",
			"position" : 
			{
				"x" : 36.81150054931641,
				"y" : 8.188469886779785
			},
			"type" : 2
		},
		
		{
			"angle" : 0,
			"angularVelocity" : 0,
			"awake" : true,
			"customProperties" : 
			[
				
				{
					"name" : "SpriteName",
					"string" : "box_2"
				}
			],
			"fixture" : 
			[
				
				{
					"density" : 1,
					"friction" : 0.2,
					"name" : "fixture6",
					"polygon" : 
					{
						"vertices" : 
						{
							"x" : 
							[
								0.6268577575683594,
								0.6268577575683594,
								-0.6268615722656250,
								-0.6268615722656250
							],
							"y" : 
							[
								-0.6268587112426758,
								0.6268587112426758,
								0.6268587112426758,
								-0.6268587112426758
							]
						}
					}
				}
			],
			"linearVelocity" : 0,
			"massData-I" : 0.4117643237113953,
			"massData-center" : 
			{
				"x" : -1.903789438983949e-006,
				"y" : 1.340548561046262e-009
			},
			"massData-mass" : 1.571809768676758,
			"name" : "box_2",
			"position" : 
			{
				"x" : 37.54548263549805,
				"y" : 6.911738395690918
			},
			"type" : 2
		},
		
		{
			"angle" : 1.560531377792358,
			"angularVelocity" : 0,
			"awake" : true,
			"customProperties" : 
			[
				
				{
					"name" : "SpriteName",
					"string" : "base_2"
				}
			],
			"fixture" : 
			[
				
				{
					"density" : 1,
					"friction" : 0.2,
					"name" : "fixture5",
					"polygon" : 
					{
						"vertices" : 
						{
							"x" : 
							[
								1.334270000457764,
								1.334270000457764,
								-1.334270000457764,
								-1.334270000457764
							],
							"y" : 
							[
								-0.3417620062828064,
								0.3417620062828064,
								0.3417620062828064,
								-0.3417620062828064
							]
						}
					}
				}
			],
			"linearVelocity" : 0,
			"massData-I" : 1.153430342674255,
			"massData-center" : 
			{
				"x" : -5.735634744929996e-010,
				"y" : 4.719595825264378e-010
			},
			"massData-mass" : 1.824011206626892,
			"name" : "base_2",
			"position" : 
			{
				"x" : 37.43155670166016,
				"y" : 10.18292999267578
			},
			"type" : 2
		},
		
		{
			"angle" : 1.560531377792358,
			"angularVelocity" : 0,
			"awake" : true,
			"customProperties" : 
			[
				
				{
					"name" : "SpriteName",
					"string" : "base_2"
				}
			],
			"fixture" : 
			[
				
				{
					"density" : 1,
					"friction" : 0.2,
					"name" : "fixture5",
					"polygon" : 
					{
						"vertices" : 
						{
							"x" : 
							[
								1.334270000457764,
								1.334270000457764,
								-1.334270000457764,
								-1.334270000457764
							],
							"y" : 
							[
								-0.3417620062828064,
								0.3417620062828064,
								0.3417620062828064,
								-0.3417620062828064
							]
						}
					}
				}
			],
			"linearVelocity" : 0,
			"massData-I" : 1.153430342674255,
			"massData-center" : 
			{
				"x" : -5.735634744929996e-010,
				"y" : 4.719595825264378e-010
			},
			"massData-mass" : 1.824011206626892,
			"name" : "base_2",
			"position" : 
			{
				"x" : 34.96551513671875,
				"y" : 10.15731430053711
			},
			"type" : 2
		},
		
		{
			"angle" : 0,
			"angularVelocity" : 0,
			"awake" : true,
			"customProperties" : 
			[
				
				{
					"name" : "SpriteName",
					"string" : "rect_2"
				}
			],
			"fixture" : 
			[
				
				{
					"density" : 1,
					"friction" : 0.2,
					"name" : "fixture9",
					"polygon" : 
					{
						"vertices" : 
						{
							"x" : 
							[
								3.166656494140625,
								3.166656494140625,
								-3.166667938232422,
								-3.166667938232422
							],
							"y" : 
							[
								-0.3333206176757813,
								0.3333206176757813,
								0.3333206176757813,
								-0.3333206176757813
							]
						}
					}
				}
			],
			"linearVelocity" : 0,
			"massData-I" : 14.26893138885498,
			"massData-center" : 
			{
				"x" : -5.709945980925113e-006,
				"y" : 8.283441155221283e-010
			},
			"massData-mass" : 4.222055435180664,
			"name" : "rect_2",
			"position" : 
			{
				"x" : 30.97285652160645,
				"y" : 6.610829353332520
			},
			"type" : 2
		},
		
		{
			"angle" : 1.560531377792358,
			"angularVelocity" : 0,
			"awake" : true,
			"customProperties" : 
			[
				
				{
					"name" : "SpriteName",
					"string" : "base_2"
				}
			],
			"fixture" : 
			[
				
				{
					"density" : 1,
					"friction" : 0.2,
					"name" : "fixture5",
					"polygon" : 
					{
						"vertices" : 
						{
							"x" : 
							[
								1.334270000457764,
								1.334270000457764,
								-1.334270000457764,
								-1.334270000457764
							],
							"y" : 
							[
								-0.3417620062828064,
								0.3417620062828064,
								0.3417620062828064,
								-0.3417620062828064
							]
						}
					}
				}
			],
			"linearVelocity" : 0,
			"massData-I" : 1.153430342674255,
			"massData-center" : 
			{
				"x" : -5.735634744929996e-010,
				"y" : 4.719595825264378e-010
			},
			"massData-mass" : 1.824011206626892,
			"name" : "base_2",
			"position" : 
			{
				"x" : 27.06620025634766,
				"y" : 10.11948871612549
			},
			"type" : 2
		},
		
		{
			"angle" : 1.560531377792358,
			"angularVelocity" : 0,
			"awake" : true,
			"customProperties" : 
			[
				
				{
					"name" : "SpriteName",
					"string" : "base_2"
				}
			],
			"fixture" : 
			[
				
				{
					"density" : 1,
					"friction" : 0.2,
					"name" : "fixture5",
					"polygon" : 
					{
						"vertices" : 
						{
							"x" : 
							[
								1.334270000457764,
								1.334270000457764,
								-1.334270000457764,
								-1.334270000457764
							],
							"y" : 
							[
								-0.3417620062828064,
								0.3417620062828064,
								0.3417620062828064,
								-0.3417620062828064
							]
						}
					}
				}
			],
			"linearVelocity" : 0,
			"massData-I" : 1.153430342674255,
			"massData-center" : 
			{
				"x" : -5.735634744929996e-010,
				"y" : 4.719595825264378e-010
			},
			"massData-mass" : 1.824011206626892,
			"name" : "base_2",
			"position" : 
			{
				"x" : 24.44123840332031,
				"y" : 10.11948871612549
			},
			"type" : 2
		},
		
		{
			"angle" : 1.560531377792358,
			"angularVelocity" : 0,
			"awake" : true,
			"customProperties" : 
			[
				
				{
					"name" : "SpriteName",
					"string" : "base_2"
				}
			],
			"fixture" : 
			[
				
				{
					"density" : 1,
					"friction" : 0.2,
					"name" : "fixture5",
					"polygon" : 
					{
						"vertices" : 
						{
							"x" : 
							[
								1.334270000457764,
								1.334270000457764,
								-1.334270000457764,
								-1.334270000457764
							],
							"y" : 
							[
								-0.3417620062828064,
								0.3417620062828064,
								0.3417620062828064,
								-0.3417620062828064
							]
						}
					}
				}
			],
			"linearVelocity" : 0,
			"massData-I" : 1.153430342674255,
			"massData-center" : 
			{
				"x" : -5.735634744929996e-010,
				"y" : 4.719595825264378e-010
			},
			"massData-mass" : 1.824011206626892,
			"name" : "base_2",
			"position" : 
			{
				"x" : 33.88999176025391,
				"y" : 13.52522850036621
			},
			"type" : 2
		},
		
		{
			"angle" : 0,
			"angularVelocity" : 0,
			"awake" : true,
			"customProperties" : 
			[
				
				{
					"name" : "SpriteName",
					"string" : "trin-3"
				}
			],
			"fixture" : 
			[
				
				{
					"density" : 1,
					"friction" : 0.2,
					"name" : "fixture6",
					"polygon" : 
					{
						"vertices" : 
						{
							"x" : [ 1.353031158447266, -0.007026672363281250, -1.408611297607422 ],
							"y" : [ -1.297463893890381, 1.315997123718262, -1.297463893890381 ]
						}
					}
				}
			],
			"linearVelocity" : 0,
			"massData-I" : 3.173626422882080,
			"massData-center" : 
			{
				"x" : -0.02086893841624260,
				"y" : -0.4263102114200592
			},
			"massData-mass" : 3.608722448348999,
			"name" : "trin-3",
			"position" : 
			{
				"x" : 36.16411209106445,
				"y" : 18.14481163024902
			},
			"type" : 2
		},
		
		{
			"angle" : 0,
			"angularVelocity" : 0,
			"awake" : true,
			"customProperties" : 
			[
				
				{
					"name" : "SpriteName",
					"string" : "box_2"
				}
			],
			"fixture" : 
			[
				
				{
					"density" : 1,
					"friction" : 0.2,
					"name" : "fixture6",
					"polygon" : 
					{
						"vertices" : 
						{
							"x" : 
							[
								0.6268577575683594,
								0.6268577575683594,
								-0.6268615722656250,
								-0.6268615722656250
							],
							"y" : 
							[
								-0.6268587112426758,
								0.6268587112426758,
								0.6268587112426758,
								-0.6268587112426758
							]
						}
					}
				}
			],
			"linearVelocity" : 0,
			"massData-I" : 0.4117643237113953,
			"massData-center" : 
			{
				"x" : -1.903789438983949e-006,
				"y" : 1.340548561046262e-009
			},
			"massData-mass" : 1.571809768676758,
			"name" : "box_2",
			"position" : 
			{
				"x" : 24.38800621032715,
				"y" : 6.882838249206543
			},
			"type" : 2
		},
		
		{
			"angle" : 0,
			"angularVelocity" : 0,
			"awake" : true,
			"customProperties" : 
			[
				
				{
					"name" : "SpriteName",
					"string" : "cube-3"
				}
			],
			"fixture" : 
			[
				
				{
					"density" : 1,
					"friction" : 0.2,
					"name" : "fixture6",
					"polygon" : 
					{
						"vertices" : 
						{
							"x" : 
							[
								1.342369079589844,
								1.342369079589844,
								-1.342361450195313,
								-1.342361450195313
							],
							"y" : 
							[
								-0.6241579055786133,
								0.6241574287414551,
								0.6241574287414551,
								-0.6241579055786133
							]
						}
					}
				}
			],
			"linearVelocity" : 0,
			"massData-I" : 2.448210000991821,
			"massData-center" : 
			{
				"x" : 3.819570792984450e-006,
				"y" : -2.397036382717488e-007
			},
			"massData-mass" : 3.351390123367310,
			"name" : "cube-3",
			"position" : 
			{
				"x" : 37.563964843750,
				"y" : 5.623764991760254
			},
			"type" : 2
		},
		
		{
			"angle" : 0,
			"angularVelocity" : 0,
			"awake" : true,
			"customProperties" : 
			[
				
				{
					"name" : "SpriteName",
					"string" : "cube-3"
				}
			],
			"fixture" : 
			[
				
				{
					"density" : 1,
					"friction" : 0.2,
					"name" : "fixture6",
					"polygon" : 
					{
						"vertices" : 
						{
							"x" : 
							[
								1.342369079589844,
								1.342369079589844,
								-1.342361450195313,
								-1.342361450195313
							],
							"y" : 
							[
								-0.6241579055786133,
								0.6241574287414551,
								0.6241574287414551,
								-0.6241579055786133
							]
						}
					}
				}
			],
			"linearVelocity" : 0,
			"massData-I" : 2.448210000991821,
			"massData-center" : 
			{
				"x" : 3.819570792984450e-006,
				"y" : -2.397036382717488e-007
			},
			"massData-mass" : 3.351390123367310,
			"name" : "cube-3",
			"position" : 
			{
				"x" : 34.83032608032227,
				"y" : 5.623764991760254
			},
			"type" : 2
		},
		
		{
			"angle" : 0,
			"angularVelocity" : 0,
			"awake" : true,
			"customProperties" : 
			[
				
				{
					"name" : "SpriteName",
					"string" : "box_2"
				}
			],
			"fixture" : 
			[
				
				{
					"density" : 1,
					"friction" : 0.2,
					"name" : "fixture6",
					"polygon" : 
					{
						"vertices" : 
						{
							"x" : 
							[
								0.6268577575683594,
								0.6268577575683594,
								-0.6268615722656250,
								-0.6268615722656250
							],
							"y" : 
							[
								-0.6268587112426758,
								0.6268587112426758,
								0.6268587112426758,
								-0.6268587112426758
							]
						}
					}
				}
			],
			"linearVelocity" : 0,
			"massData-I" : 0.4117643237113953,
			"massData-center" : 
			{
				"x" : -1.903789438983949e-006,
				"y" : 1.340548561046262e-009
			},
			"massData-mass" : 1.571809768676758,
			"name" : "box_2",
			"position" : 
			{
				"x" : 34.81583404541016,
				"y" : 8.179358482360840
			},
			"type" : 2
		},
		
		{
			"angle" : 0,
			"angularVelocity" : 0,
			"awake" : true,
			"customProperties" : 
			[
				
				{
					"name" : "SpriteName",
					"string" : "cube-3"
				}
			],
			"fixture" : 
			[
				
				{
					"density" : 1,
					"friction" : 0.2,
					"name" : "fixture6",
					"polygon" : 
					{
						"vertices" : 
						{
							"x" : 
							[
								1.342369079589844,
								1.342369079589844,
								-1.342361450195313,
								-1.342361450195313
							],
							"y" : 
							[
								-0.6241579055786133,
								0.6241574287414551,
								0.6241574287414551,
								-0.6241579055786133
							]
						}
					}
				}
			],
			"linearVelocity" : 0,
			"massData-I" : 2.448210000991821,
			"massData-center" : 
			{
				"x" : 3.819570792984450e-006,
				"y" : -2.397036382717488e-007
			},
			"massData-mass" : 3.351390123367310,
			"name" : "cube-3",
			"position" : 
			{
				"x" : 27.20531082153320,
				"y" : 5.623764991760254
			},
			"type" : 2
		},
		
		{
			"angle" : 0,
			"angularVelocity" : 0,
			"awake" : true,
			"customProperties" : 
			[
				
				{
					"name" : "SpriteName",
					"string" : "cube-3"
				}
			],
			"fixture" : 
			[
				
				{
					"density" : 1,
					"friction" : 0.2,
					"name" : "fixture6",
					"polygon" : 
					{
						"vertices" : 
						{
							"x" : 
							[
								1.342369079589844,
								1.342369079589844,
								-1.342361450195313,
								-1.342361450195313
							],
							"y" : 
							[
								-0.6241579055786133,
								0.6241574287414551,
								0.6241574287414551,
								-0.6241579055786133
							]
						}
					}
				}
			],
			"linearVelocity" : 0,
			"massData-I" : 2.448210000991821,
			"massData-center" : 
			{
				"x" : 3.819570792984450e-006,
				"y" : -2.397036382717488e-007
			},
			"massData-mass" : 3.351390123367310,
			"name" : "cube-3",
			"position" : 
			{
				"x" : 24.48405075073242,
				"y" : 5.623764991760254
			},
			"type" : 2
		},
		
		{
			"angle" : 0,
			"angularVelocity" : 0,
			"awake" : true,
			"customProperties" : 
			[
				
				{
					"name" : "SpriteName",
					"string" : "cat"
				},
				
				{
					"bool" : true,
					"name" : "IsCat"
				}
			],
			"fixture" : 
			[
				
				{
					"density" : 1,
					"friction" : 0.2,
					"name" : "fixture10",
					"polygon" : 
					{
						"vertices" : 
						{
							"x" : 
							[
								0.4370084404945374,
								0.01903861761093140,
								-0.3986094594001770,
								-1.113491058349609,
								-1.080260038375855,
								-0.9473472833633423
							],
							"y" : 
							[
								0.5634699463844299,
								0.6014738678932190,
								0.5755053758621216,
								0.4831904768943787,
								0.1739519387483597,
								-0.5797587037086487
							]
						}
					}
				},
				
				{
					"density" : 1,
					"friction" : 0.2,
					"name" : "fixture10",
					"polygon" : 
					{
						"vertices" : 
						{
							"x" : 
							[
								1.451854944229126,
								1.378863096237183,
								1.140632629394531,
								0.4370084404945374,
								-0.9473472833633423,
								1.343667626380920
							],
							"y" : 
							[
								-0.3529120683670044,
								-0.07578484714031220,
								0.1194400787353516,
								0.5634699463844299,
								-0.5797587037086487,
								-0.5851870179176331
							]
						}
					}
				},
				
				{
					"density" : 1,
					"friction" : 0.2,
					"name" : "fixture10",
					"polygon" : 
					{
						"vertices" : 
						{
							"x" : [ -0.9473472833633423, -1.080260038375855, -1.261837244033814 ],
							"y" : [ -0.5797587037086487, 0.1739519387483597, -0.2008963823318481 ]
						}
					}
				},
				
				{
					"density" : 1,
					"friction" : 0.2,
					"name" : "fixture10",
					"polygon" : 
					{
						"vertices" : 
						{
							"x" : [ -0.3986094594001770, -1.031397581100464, -1.113491058349609 ],
							"y" : [ 0.5755053758621216, 0.7761403918266296, 0.4831904768943787 ]
						}
					}
				},
				
				{
					"density" : 1,
					"friction" : 0.2,
					"name" : "fixture10",
					"polygon" : 
					{
						"vertices" : 
						{
							"x" : 
							[
								1.194273710250855,
								1.131538629531860,
								0.4370084404945374,
								1.140632629394531
							],
							"y" : 
							[
								0.4721090197563171,
								0.7709532976150513,
								0.5634699463844299,
								0.1194400787353516
							]
						}
					}
				}
			],
			"linearVelocity" : 0,
			"massData-I" : 1.878558635711670,
			"massData-center" : 
			{
				"x" : 0.08290036767721176,
				"y" : 0.01559394691139460
			},
			"massData-mass" : 2.939248800277710,
			"name" : "cat",
			"position" : 
			{
				"x" : 30.78540992736816,
				"y" : 7.493288993835449
			},
			"type" : 2
		},
		
		{
			"angle" : 0,
			"angularVelocity" : 0,
			"awake" : true,
			"customProperties" : 
			[
				
				{
					"name" : "SpriteName",
					"string" : "cube-2"
				}
			],
			"fixture" : 
			[
				
				{
					"density" : 1,
					"friction" : 0.2,
					"name" : "fixture6",
					"polygon" : 
					{
						"vertices" : 
						{
							"x" : 
							[
								1.342369079589844,
								1.342369079589844,
								-1.342361450195313,
								-1.342361450195313
							],
							"y" : 
							[
								-0.6241579055786133,
								0.6241574287414551,
								0.6241574287414551,
								-0.6241579055786133
							]
						}
					}
				}
			],
			"linearVelocity" : 0,
			"massData-I" : 2.448210000991821,
			"massData-center" : 
			{
				"x" : 3.819570792984450e-006,
				"y" : -2.397036382717488e-007
			},
			"massData-mass" : 3.351390123367310,
			"name" : "cube-2",
			"position" : 
			{
				"x" : 35.52979278564453,
				"y" : 6.925258159637451
			},
			"type" : 2
		},
		
		{
			"angle" : 0,
			"angularVelocity" : 0,
			"awake" : true,
			"customProperties" : 
			[
				
				{
					"name" : "SpriteName",
					"string" : "cube-2"
				}
			],
			"fixture" : 
			[
				
				{
					"density" : 1,
					"friction" : 0.2,
					"name" : "fixture6",
					"polygon" : 
					{
						"vertices" : 
						{
							"x" : 
							[
								1.342369079589844,
								1.342369079589844,
								-1.342361450195313,
								-1.342361450195313
							],
							"y" : 
							[
								-0.6241579055786133,
								0.6241574287414551,
								0.6241574287414551,
								-0.6241579055786133
							]
						}
					}
				}
			],
			"linearVelocity" : 0,
			"massData-I" : 2.448210000991821,
			"massData-center" : 
			{
				"x" : 3.819570792984450e-006,
				"y" : -2.397036382717488e-007
			},
			"massData-mass" : 3.351390123367310,
			"name" : "cube-2",
			"position" : 
			{
				"x" : 26.38369941711426,
				"y" : 6.891944885253906
			},
			"type" : 2
		},
		
		{
			"angle" : 0.1393732130527496,
			"angularVelocity" : 0,
			"awake" : true,
			"customProperties" : 
			[
				
				{
					"name" : "SpriteName",
					"string" : "chataput"
				},
				
				{
					"bool" : false,
					"name" : "IsCat"
				}
			],
			"fixture" : 
			[
				
				{
					"density" : 1,
					"friction" : 0.7,
					"name" : "fixture2",
					"polygon" : 
					{
						"vertices" : 
						{
							"x" : [ 0.3333363533020020, 0.3333363533020020, -0.3333365917205811 ],
							"y" : [ -2.316666603088379, 2.31666636466980, -2.316666603088379 ]
						}
					}
				},
				
				{
					"density" : 1,
					"friction" : 0.7,
					"name" : "fixture2",
					"polygon" : 
					{
						"vertices" : 
						{
							"x" : [ 0.3333363533020020, -0.3333365917205811, -0.3333365917205811 ],
							"y" : [ 2.31666636466980, 2.31666636466980, -2.316666603088379 ]
						}
					}
				},
				
				{
					"chain" : 
					{
						"vertices" : 
						{
							"x" : [ 0.08103968203067780, 1.555902719497681 ],
							"y" : [ 1.536308884620667, 1.562378287315369 ]
						}
					},
					"density" : 1,
					"friction" : 0.7,
					"name" : "fixture3"
				},
				
				{
					"chain" : 
					{
						"vertices" : 
						{
							"x" : [ 0.08103969693183899, 1.555899977684021 ],
							"y" : [ 1.536309957504273, 1.562379956245422 ]
						}
					},
					"density" : 1,
					"friction" : 0.7,
					"name" : "fixture3"
				}
			],
			"linearVelocity" : 0,
			"massData-I" : 5.640422344207764,
			"massData-center" : 
			{
				"x" : -1.173495292050575e-007,
				"y" : -1.286618100948545e-007
			},
			"massData-mass" : 3.088917732238770,
			"name" : "catapult",
			"position" : 
			{
				"x" : 5.034976959228516,
				"y" : 7.366430759429932
			},
			"type" : 2
		},
		
		{
			"angle" : 0,
			"angularVelocity" : 0,
			"awake" : true,
			"fixture" : 
			[
				
				{
					"chain" : 
					{
						"vertices" : 
						{
							"x" : [ 4.615423202514648, 5.615423202514648 ],
							"y" : [ 0.0, 0.0 ]
						}
					},
					"density" : 1,
					"friction" : 0.2,
					"name" : "fixture0"
				},
				
				{
					"chain" : 
					{
						"vertices" : 
						{
							"x" : [ 19.43607711791992, 42.18836212158203 ],
							"y" : [ -5.722045898437500e-006, -5.722045898437500e-006 ]
						}
					},
					"density" : 1,
					"friction" : 0.2,
					"name" : "fixture0"
				}
			],
			"linearVelocity" : 0,
			"name" : "ground",
			"position" : 
			{
				"x" : 0.01908772625029087,
				"y" : 5.007637500762940
			},
			"type" : 0
		}
	],
	"collisionbitplanes" : 
	{
		"names" : 
		[
			"bitplane1",
			"bitplane2",
			"bitplane3",
			"bitplane4",
			"bitplane5",
			"bitplane6",
			"bitplane7",
			"bitplane8",
			"bitplane9",
			"bitplane10",
			"bitplane11",
			"bitplane12",
			"bitplane13",
			"bitplane14",
			"bitplane15",
			"bitplane16",
			"bitplane17",
			"bitplane18",
			"bitplane19",
			"bitplane20",
			"bitplane21",
			"bitplane22",
			"bitplane23",
			"bitplane24",
			"bitplane25",
			"bitplane26",
			"bitplane27",
			"bitplane28",
			"bitplane29",
			"bitplane30",
			"bitplane31",
			"bitplane32"
		]
	},
	"continuousPhysics" : true,
	"customProperties" : 
	[
		
		{
			"name" : "ListOfFish",
			"string" : "1,2,3,4,2,1"
		}
	],
	"gravity" : 
	{
		"x" : 0,
		"y" : -10
	},
	"image" : 
	[
		
		{
			"aspectScale" : 1,
			"body" : 11,
			"center" : 
			{
				"x" : 0.01123428344726563,
				"y" : -0.0063781738281250
			},
			"corners" : 
			{
				"x" : 
				[
					-0.3325157165527344,
					0.3549842834472656,
					0.3549842834472656,
					-0.3325157165527344
				],
				"y" : 
				[
					-0.3501281738281250,
					-0.3501281738281250,
					0.3373718261718750,
					0.3373718261718750
				]
			},
			"file" : "../pngs/rect_2.png",
			"filter" : 1,
			"glDrawElements" : [ 0, 1, 2, 2, 3, 0 ],
			"glTexCoordPointer" : [ 0.0, 0.0, 1, 0.0, 1, 1, 0.0, 1 ],
			"glVertexPointer" : 
			[
				-0.3325157165527344,
				-0.3501281738281250,
				0.3549842834472656,
				-0.3501281738281250,
				0.3549842834472656,
				0.3373718261718750,
				-0.3325157165527344,
				0.3373718261718750
			],
			"name" : "image25",
			"opacity" : 0.5,
			"scale" : 0.68750
		},
		
		{
			"aspectScale" : 1,
			"body" : 26,
			"center" : 
			{
				"x" : 0.002864837646484375,
				"y" : 0.007691383361816406
			},
			"corners" : 
			{
				"x" : 
				[
					-0.6533851623535156,
					0.6591148376464844,
					0.6591148376464844,
					-0.6533851623535156
				],
				"y" : 
				[
					-0.6485586166381836,
					-0.6485586166381836,
					0.6639413833618164,
					0.6639413833618164
				]
			},
			"file" : "../pngs/box_2.png",
			"filter" : 1,
			"glDrawElements" : [ 0, 1, 2, 2, 3, 0 ],
			"glTexCoordPointer" : [ 0.0, 0.0, 1, 0.0, 1, 1, 0.0, 1 ],
			"glVertexPointer" : 
			[
				-0.6533851623535156,
				-0.6485586166381836,
				0.6591148376464844,
				-0.6485586166381836,
				0.6591148376464844,
				0.6639413833618164,
				-0.6533851623535156,
				0.6639413833618164
			],
			"name" : "image10",
			"opacity" : 0.5,
			"scale" : 1.31250
		},
		
		{
			"aspectScale" : 1,
			"body" : 18,
			"center" : 
			{
				"x" : 0.01123428344726563,
				"y" : -0.0063781738281250
			},
			"corners" : 
			{
				"x" : 
				[
					-0.3325157165527344,
					0.3549842834472656,
					0.3549842834472656,
					-0.3325157165527344
				],
				"y" : 
				[
					-0.3501281738281250,
					-0.3501281738281250,
					0.3373718261718750,
					0.3373718261718750
				]
			},
			"file" : "../pngs/rect_2.png",
			"filter" : 1,
			"glDrawElements" : [ 0, 1, 2, 2, 3, 0 ],
			"glTexCoordPointer" : [ 0.0, 0.0, 1, 0.0, 1, 1, 0.0, 1 ],
			"glVertexPointer" : 
			[
				-0.3325157165527344,
				-0.3501281738281250,
				0.3549842834472656,
				-0.3501281738281250,
				0.3549842834472656,
				0.3373718261718750,
				-0.3325157165527344,
				0.3373718261718750
			],
			"name" : "image25",
			"opacity" : 0.5,
			"scale" : 0.68750
		},
		
		{
			"aspectScale" : 1,
			"body" : 19,
			"center" : 
			{
				"x" : -0.002624511718750,
				"y" : -0.01105308532714844
			},
			"corners" : 
			{
				"x" : 
				[
					-0.346374511718750,
					0.341125488281250,
					0.341125488281250,
					-0.346374511718750
				],
				"y" : 
				[
					-0.3548030853271484,
					-0.3548030853271484,
					0.3326969146728516,
					0.3326969146728516
				]
			},
			"file" : "../pngs/base_2.png",
			"filter" : 1,
			"glDrawElements" : [ 0, 1, 2, 2, 3, 0 ],
			"glTexCoordPointer" : [ 0.0, 0.0, 1, 0.0, 1, 1, 0.0, 1 ],
			"glVertexPointer" : 
			[
				-0.346374511718750,
				-0.3548030853271484,
				0.341125488281250,
				-0.3548030853271484,
				0.341125488281250,
				0.3326969146728516,
				-0.346374511718750,
				0.3326969146728516
			],
			"name" : "image2",
			"opacity" : 0.5,
			"scale" : 0.68750
		},
		
		{
			"aspectScale" : 1,
			"body" : 20,
			"center" : 
			{
				"x" : -0.002624511718750,
				"y" : -0.01105308532714844
			},
			"corners" : 
			{
				"x" : 
				[
					-0.346374511718750,
					0.341125488281250,
					0.341125488281250,
					-0.346374511718750
				],
				"y" : 
				[
					-0.3548030853271484,
					-0.3548030853271484,
					0.3326969146728516,
					0.3326969146728516
				]
			},
			"file" : "../pngs/base_2.png",
			"filter" : 1,
			"glDrawElements" : [ 0, 1, 2, 2, 3, 0 ],
			"glTexCoordPointer" : [ 0.0, 0.0, 1, 0.0, 1, 1, 0.0, 1 ],
			"glVertexPointer" : 
			[
				-0.346374511718750,
				-0.3548030853271484,
				0.341125488281250,
				-0.3548030853271484,
				0.341125488281250,
				0.3326969146728516,
				-0.346374511718750,
				0.3326969146728516
			],
			"name" : "image2",
			"opacity" : 0.5,
			"scale" : 0.68750
		},
		
		{
			"aspectScale" : 1,
			"body" : 0,
			"center" : 
			{
				"x" : -0.002773284912109375,
				"y" : 0.003706693649291992
			},
			"corners" : 
			{
				"x" : 
				[
					-0.6433982849121094,
					0.6378517150878906,
					0.6378517150878906,
					-0.6433982849121094
				],
				"y" : 
				[
					-0.6369183063507080,
					-0.6369183063507080,
					0.6443316936492920,
					0.6443316936492920
				]
			},
			"file" : "../pngs/cube-3.png",
			"filter" : 1,
			"glDrawElements" : [ 0, 1, 2, 2, 3, 0 ],
			"glTexCoordPointer" : [ 0.0, 0.0, 1, 0.0, 1, 1, 0.0, 1 ],
			"glVertexPointer" : 
			[
				-0.6433982849121094,
				-0.6369183063507080,
				0.6378517150878906,
				-0.6369183063507080,
				0.6378517150878906,
				0.6443316936492920,
				-0.6433982849121094,
				0.6443316936492920
			],
			"name" : "image20",
			"opacity" : 0.5,
			"scale" : 1.281250
		},
		
		{
			"aspectScale" : 1,
			"body" : 1,
			"center" : 
			{
				"x" : -0.01663589477539063,
				"y" : -0.04875898361206055
			},
			"corners" : 
			{
				"x" : 
				[
					-1.329135894775391,
					1.295864105224609,
					1.295864105224609,
					-1.329135894775391
				],
				"y" : 
				[
					-1.361258983612061,
					-1.361258983612061,
					1.263741016387940,
					1.263741016387940
				]
			},
			"file" : "../pngs/trin-3.png",
			"filter" : 1,
			"glDrawElements" : [ 0, 1, 2, 2, 3, 0 ],
			"glTexCoordPointer" : [ 0.0, 0.0, 1, 0.0, 1, 1, 0.0, 1 ],
			"glVertexPointer" : 
			[
				-1.329135894775391,
				-1.361258983612061,
				1.295864105224609,
				-1.361258983612061,
				1.295864105224609,
				1.263741016387940,
				-1.329135894775391,
				1.263741016387940
			],
			"name" : "image23",
			"opacity" : 0.5,
			"scale" : 2.6250
		},
		
		{
			"aspectScale" : 1,
			"body" : 2,
			"center" : 
			{
				"x" : -0.002773284912109375,
				"y" : 0.003706693649291992
			},
			"corners" : 
			{
				"x" : 
				[
					-0.6433982849121094,
					0.6378517150878906,
					0.6378517150878906,
					-0.6433982849121094
				],
				"y" : 
				[
					-0.6369183063507080,
					-0.6369183063507080,
					0.6443316936492920,
					0.6443316936492920
				]
			},
			"file" : "../pngs/cube-3.png",
			"filter" : 1,
			"glDrawElements" : [ 0, 1, 2, 2, 3, 0 ],
			"glTexCoordPointer" : [ 0.0, 0.0, 1, 0.0, 1, 1, 0.0, 1 ],
			"glVertexPointer" : 
			[
				-0.6433982849121094,
				-0.6369183063507080,
				0.6378517150878906,
				-0.6369183063507080,
				0.6378517150878906,
				0.6443316936492920,
				-0.6433982849121094,
				0.6443316936492920
			],
			"name" : "image20",
			"opacity" : 0.5,
			"scale" : 1.281250
		},
		
		{
			"aspectScale" : 1,
			"body" : 3,
			"center" : 
			{
				"x" : 0.3575630187988281,
				"y" : 0.08759307861328125
			},
			"corners" : 
			{
				"x" : 
				[
					-0.3299369812011719,
					1.045063018798828,
					1.045063018798828,
					-0.3299369812011719
				],
				"y" : 
				[
					-0.5999069213867188,
					-0.5999069213867188,
					0.7750930786132813,
					0.7750930786132813
				]
			},
			"file" : "../pngs/cat.png",
			"filter" : 1,
			"glDrawElements" : [ 0, 1, 2, 2, 3, 0 ],
			"glTexCoordPointer" : [ 0.0, 0.0, 1, 0.0, 1, 1, 0.0, 1 ],
			"glVertexPointer" : 
			[
				-0.3299369812011719,
				-0.5999069213867188,
				1.045063018798828,
				-0.5999069213867188,
				1.045063018798828,
				0.7750930786132813,
				-0.3299369812011719,
				0.7750930786132813
			],
			"name" : "image27",
			"opacity" : 0.5,
			"scale" : 1.3750
		},
		
		{
			"aspectScale" : 1,
			"body" : 4,
			"center" : 
			{
				"x" : 0.004817962646484375,
				"y" : -0.005531311035156250
			},
			"corners" : 
			{
				"x" : 
				[
					-0.3389320373535156,
					0.3485679626464844,
					0.3485679626464844,
					-0.3389320373535156
				],
				"y" : 
				[
					-0.3492813110351563,
					-0.3492813110351563,
					0.3382186889648438,
					0.3382186889648438
				]
			},
			"file" : "../pngs/rect_3.png",
			"filter" : 1,
			"glDrawElements" : [ 0, 1, 2, 2, 3, 0 ],
			"glTexCoordPointer" : [ 0.0, 0.0, 1, 0.0, 1, 1, 0.0, 1 ],
			"glVertexPointer" : 
			[
				-0.3389320373535156,
				-0.3492813110351563,
				0.3485679626464844,
				-0.3492813110351563,
				0.3485679626464844,
				0.3382186889648438,
				-0.3389320373535156,
				0.3382186889648438
			],
			"name" : "image26",
			"opacity" : 0.5,
			"scale" : 0.68750
		},
		
		{
			"aspectScale" : 1,
			"body" : 5,
			"center" : 
			{
				"x" : -0.002624511718750,
				"y" : -0.01105308532714844
			},
			"corners" : 
			{
				"x" : 
				[
					-0.346374511718750,
					0.341125488281250,
					0.341125488281250,
					-0.346374511718750
				],
				"y" : 
				[
					-0.3548030853271484,
					-0.3548030853271484,
					0.3326969146728516,
					0.3326969146728516
				]
			},
			"file" : "../pngs/base_2.png",
			"filter" : 1,
			"glDrawElements" : [ 0, 1, 2, 2, 3, 0 ],
			"glTexCoordPointer" : [ 0.0, 0.0, 1, 0.0, 1, 1, 0.0, 1 ],
			"glVertexPointer" : 
			[
				-0.346374511718750,
				-0.3548030853271484,
				0.341125488281250,
				-0.3548030853271484,
				0.341125488281250,
				0.3326969146728516,
				-0.346374511718750,
				0.3326969146728516
			],
			"name" : "image2",
			"opacity" : 0.5,
			"scale" : 0.68750
		},
		
		{
			"aspectScale" : 1,
			"body" : 6,
			"center" : 
			{
				"x" : -0.002624511718750,
				"y" : -0.01105308532714844
			},
			"corners" : 
			{
				"x" : 
				[
					-0.346374511718750,
					0.341125488281250,
					0.341125488281250,
					-0.346374511718750
				],
				"y" : 
				[
					-0.3548030853271484,
					-0.3548030853271484,
					0.3326969146728516,
					0.3326969146728516
				]
			},
			"file" : "../pngs/base_2.png",
			"filter" : 1,
			"glDrawElements" : [ 0, 1, 2, 2, 3, 0 ],
			"glTexCoordPointer" : [ 0.0, 0.0, 1, 0.0, 1, 1, 0.0, 1 ],
			"glVertexPointer" : 
			[
				-0.346374511718750,
				-0.3548030853271484,
				0.341125488281250,
				-0.3548030853271484,
				0.341125488281250,
				0.3326969146728516,
				-0.346374511718750,
				0.3326969146728516
			],
			"name" : "image2",
			"opacity" : 0.5,
			"scale" : 0.68750
		},
		
		{
			"aspectScale" : 1,
			"body" : 7,
			"center" : 
			{
				"x" : 0.3575630187988281,
				"y" : 0.08759307861328125
			},
			"corners" : 
			{
				"x" : 
				[
					-0.3299369812011719,
					1.045063018798828,
					1.045063018798828,
					-0.3299369812011719
				],
				"y" : 
				[
					-0.5999069213867188,
					-0.5999069213867188,
					0.7750930786132813,
					0.7750930786132813
				]
			},
			"file" : "../pngs/cat.png",
			"filter" : 1,
			"glDrawElements" : [ 0, 1, 2, 2, 3, 0 ],
			"glTexCoordPointer" : [ 0.0, 0.0, 1, 0.0, 1, 1, 0.0, 1 ],
			"glVertexPointer" : 
			[
				-0.3299369812011719,
				-0.5999069213867188,
				1.045063018798828,
				-0.5999069213867188,
				1.045063018798828,
				0.7750930786132813,
				-0.3299369812011719,
				0.7750930786132813
			],
			"name" : "image27",
			"opacity" : 0.5,
			"scale" : 1.3750
		},
		
		{
			"aspectScale" : 1,
			"body" : 8,
			"center" : 
			{
				"x" : 0.004817962646484375,
				"y" : -0.005531311035156250
			},
			"corners" : 
			{
				"x" : 
				[
					-0.3389320373535156,
					0.3485679626464844,
					0.3485679626464844,
					-0.3389320373535156
				],
				"y" : 
				[
					-0.3492813110351563,
					-0.3492813110351563,
					0.3382186889648438,
					0.3382186889648438
				]
			},
			"file" : "../pngs/rect_3.png",
			"filter" : 1,
			"glDrawElements" : [ 0, 1, 2, 2, 3, 0 ],
			"glTexCoordPointer" : [ 0.0, 0.0, 1, 0.0, 1, 1, 0.0, 1 ],
			"glVertexPointer" : 
			[
				-0.3389320373535156,
				-0.3492813110351563,
				0.3485679626464844,
				-0.3492813110351563,
				0.3485679626464844,
				0.3382186889648438,
				-0.3389320373535156,
				0.3382186889648438
			],
			"name" : "image26",
			"opacity" : 0.5,
			"scale" : 0.68750
		},
		
		{
			"aspectScale" : 1,
			"body" : 9,
			"center" : 
			{
				"x" : -0.002624511718750,
				"y" : -0.01105308532714844
			},
			"corners" : 
			{
				"x" : 
				[
					-0.346374511718750,
					0.341125488281250,
					0.341125488281250,
					-0.346374511718750
				],
				"y" : 
				[
					-0.3548030853271484,
					-0.3548030853271484,
					0.3326969146728516,
					0.3326969146728516
				]
			},
			"file" : "../pngs/base_2.png",
			"filter" : 1,
			"glDrawElements" : [ 0, 1, 2, 2, 3, 0 ],
			"glTexCoordPointer" : [ 0.0, 0.0, 1, 0.0, 1, 1, 0.0, 1 ],
			"glVertexPointer" : 
			[
				-0.346374511718750,
				-0.3548030853271484,
				0.341125488281250,
				-0.3548030853271484,
				0.341125488281250,
				0.3326969146728516,
				-0.346374511718750,
				0.3326969146728516
			],
			"name" : "image2",
			"opacity" : 0.5,
			"scale" : 0.68750
		},
		
		{
			"aspectScale" : 1,
			"body" : 10,
			"center" : 
			{
				"x" : 0.01123428344726563,
				"y" : -0.0063781738281250
			},
			"corners" : 
			{
				"x" : 
				[
					-0.3325157165527344,
					0.3549842834472656,
					0.3549842834472656,
					-0.3325157165527344
				],
				"y" : 
				[
					-0.3501281738281250,
					-0.3501281738281250,
					0.3373718261718750,
					0.3373718261718750
				]
			},
			"file" : "../pngs/rect_2.png",
			"filter" : 1,
			"glDrawElements" : [ 0, 1, 2, 2, 3, 0 ],
			"glTexCoordPointer" : [ 0.0, 0.0, 1, 0.0, 1, 1, 0.0, 1 ],
			"glVertexPointer" : 
			[
				-0.3325157165527344,
				-0.3501281738281250,
				0.3549842834472656,
				-0.3501281738281250,
				0.3549842834472656,
				0.3373718261718750,
				-0.3325157165527344,
				0.3373718261718750
			],
			"name" : "image25",
			"opacity" : 0.5,
			"scale" : 0.68750
		},
		
		{
			"aspectScale" : 1,
			"body" : 21,
			"center" : 
			{
				"x" : -0.002624511718750,
				"y" : -0.01105308532714844
			},
			"corners" : 
			{
				"x" : 
				[
					-0.346374511718750,
					0.341125488281250,
					0.341125488281250,
					-0.346374511718750
				],
				"y" : 
				[
					-0.3548030853271484,
					-0.3548030853271484,
					0.3326969146728516,
					0.3326969146728516
				]
			},
			"file" : "../pngs/base_2.png",
			"filter" : 1,
			"glDrawElements" : [ 0, 1, 2, 2, 3, 0 ],
			"glTexCoordPointer" : [ 0.0, 0.0, 1, 0.0, 1, 1, 0.0, 1 ],
			"glVertexPointer" : 
			[
				-0.346374511718750,
				-0.3548030853271484,
				0.341125488281250,
				-0.3548030853271484,
				0.341125488281250,
				0.3326969146728516,
				-0.346374511718750,
				0.3326969146728516
			],
			"name" : "image2",
			"opacity" : 0.5,
			"scale" : 0.68750
		},
		
		{
			"aspectScale" : 1,
			"body" : 29,
			"center" : 
			{
				"x" : 0.3575630187988281,
				"y" : 0.08759307861328125
			},
			"corners" : 
			{
				"x" : 
				[
					-0.3299369812011719,
					1.045063018798828,
					1.045063018798828,
					-0.3299369812011719
				],
				"y" : 
				[
					-0.5999069213867188,
					-0.5999069213867188,
					0.7750930786132813,
					0.7750930786132813
				]
			},
			"file" : "../pngs/cat.png",
			"filter" : 1,
			"glDrawElements" : [ 0, 1, 2, 2, 3, 0 ],
			"glTexCoordPointer" : [ 0.0, 0.0, 1, 0.0, 1, 1, 0.0, 1 ],
			"glVertexPointer" : 
			[
				-0.3299369812011719,
				-0.5999069213867188,
				1.045063018798828,
				-0.5999069213867188,
				1.045063018798828,
				0.7750930786132813,
				-0.3299369812011719,
				0.7750930786132813
			],
			"name" : "image27",
			"opacity" : 0.5,
			"scale" : 1.3750
		},
		
		{
			"aspectScale" : 1,
			"body" : 12,
			"center" : 
			{
				"x" : 0.002864837646484375,
				"y" : 0.007691383361816406
			},
			"corners" : 
			{
				"x" : 
				[
					-0.6533851623535156,
					0.6591148376464844,
					0.6591148376464844,
					-0.6533851623535156
				],
				"y" : 
				[
					-0.6485586166381836,
					-0.6485586166381836,
					0.6639413833618164,
					0.6639413833618164
				]
			},
			"file" : "../pngs/box_2.png",
			"filter" : 1,
			"glDrawElements" : [ 0, 1, 2, 2, 3, 0 ],
			"glTexCoordPointer" : [ 0.0, 0.0, 1, 0.0, 1, 1, 0.0, 1 ],
			"glVertexPointer" : 
			[
				-0.6533851623535156,
				-0.6485586166381836,
				0.6591148376464844,
				-0.6485586166381836,
				0.6591148376464844,
				0.6639413833618164,
				-0.6533851623535156,
				0.6639413833618164
			],
			"name" : "image10",
			"opacity" : 0.5,
			"scale" : 1.31250
		},
		
		{
			"aspectScale" : 1,
			"body" : 13,
			"center" : 
			{
				"x" : -0.01255035400390625,
				"y" : 0.002144813537597656
			},
			"corners" : 
			{
				"x" : 
				[
					-0.6531753540039063,
					0.6280746459960938,
					0.6280746459960938,
					-0.6531753540039063
				],
				"y" : 
				[
					-0.6384801864624023,
					-0.6384801864624023,
					0.6427698135375977,
					0.6427698135375977
				]
			},
			"file" : "../pngs/cube-2.png",
			"filter" : 1,
			"glDrawElements" : [ 0, 1, 2, 2, 3, 0 ],
			"glTexCoordPointer" : [ 0.0, 0.0, 1, 0.0, 1, 1, 0.0, 1 ],
			"glVertexPointer" : 
			[
				-0.6531753540039063,
				-0.6384801864624023,
				0.6280746459960938,
				-0.6384801864624023,
				0.6280746459960938,
				0.6427698135375977,
				-0.6531753540039063,
				0.6427698135375977
			],
			"name" : "image19",
			"opacity" : 0.5,
			"scale" : 1.281250
		},
		
		{
			"aspectScale" : 1,
			"body" : 14,
			"center" : 
			{
				"x" : -0.01255035400390625,
				"y" : 0.002144813537597656
			},
			"corners" : 
			{
				"x" : 
				[
					-0.6531753540039063,
					0.6280746459960938,
					0.6280746459960938,
					-0.6531753540039063
				],
				"y" : 
				[
					-0.6384801864624023,
					-0.6384801864624023,
					0.6427698135375977,
					0.6427698135375977
				]
			},
			"file" : "../pngs/cube-2.png",
			"filter" : 1,
			"glDrawElements" : [ 0, 1, 2, 2, 3, 0 ],
			"glTexCoordPointer" : [ 0.0, 0.0, 1, 0.0, 1, 1, 0.0, 1 ],
			"glVertexPointer" : 
			[
				-0.6531753540039063,
				-0.6384801864624023,
				0.6280746459960938,
				-0.6384801864624023,
				0.6280746459960938,
				0.6427698135375977,
				-0.6531753540039063,
				0.6427698135375977
			],
			"name" : "image19",
			"opacity" : 0.5,
			"scale" : 1.281250
		},
		
		{
			"aspectScale" : 1,
			"body" : 16,
			"center" : 
			{
				"x" : -0.002624511718750,
				"y" : -0.01105308532714844
			},
			"corners" : 
			{
				"x" : 
				[
					-0.346374511718750,
					0.341125488281250,
					0.341125488281250,
					-0.346374511718750
				],
				"y" : 
				[
					-0.3548030853271484,
					-0.3548030853271484,
					0.3326969146728516,
					0.3326969146728516
				]
			},
			"file" : "../pngs/base_2.png",
			"filter" : 1,
			"glDrawElements" : [ 0, 1, 2, 2, 3, 0 ],
			"glTexCoordPointer" : [ 0.0, 0.0, 1, 0.0, 1, 1, 0.0, 1 ],
			"glVertexPointer" : 
			[
				-0.346374511718750,
				-0.3548030853271484,
				0.341125488281250,
				-0.3548030853271484,
				0.341125488281250,
				0.3326969146728516,
				-0.346374511718750,
				0.3326969146728516
			],
			"name" : "image2",
			"opacity" : 0.5,
			"scale" : 0.68750
		},
		
		{
			"aspectScale" : 1,
			"body" : 17,
			"center" : 
			{
				"x" : -0.002624511718750,
				"y" : -0.01105308532714844
			},
			"corners" : 
			{
				"x" : 
				[
					-0.346374511718750,
					0.341125488281250,
					0.341125488281250,
					-0.346374511718750
				],
				"y" : 
				[
					-0.3548030853271484,
					-0.3548030853271484,
					0.3326969146728516,
					0.3326969146728516
				]
			},
			"file" : "../pngs/base_2.png",
			"filter" : 1,
			"glDrawElements" : [ 0, 1, 2, 2, 3, 0 ],
			"glTexCoordPointer" : [ 0.0, 0.0, 1, 0.0, 1, 1, 0.0, 1 ],
			"glVertexPointer" : 
			[
				-0.346374511718750,
				-0.3548030853271484,
				0.341125488281250,
				-0.3548030853271484,
				0.341125488281250,
				0.3326969146728516,
				-0.346374511718750,
				0.3326969146728516
			],
			"name" : "image2",
			"opacity" : 0.5,
			"scale" : 0.68750
		},
		
		{
			"aspectScale" : 1,
			"body" : 30,
			"center" : 
			{
				"x" : -0.01255035400390625,
				"y" : 0.002144813537597656
			},
			"corners" : 
			{
				"x" : 
				[
					-0.6531753540039063,
					0.6280746459960938,
					0.6280746459960938,
					-0.6531753540039063
				],
				"y" : 
				[
					-0.6384801864624023,
					-0.6384801864624023,
					0.6427698135375977,
					0.6427698135375977
				]
			},
			"file" : "../pngs/cube-2.png",
			"filter" : 1,
			"glDrawElements" : [ 0, 1, 2, 2, 3, 0 ],
			"glTexCoordPointer" : [ 0.0, 0.0, 1, 0.0, 1, 1, 0.0, 1 ],
			"glVertexPointer" : 
			[
				-0.6531753540039063,
				-0.6384801864624023,
				0.6280746459960938,
				-0.6384801864624023,
				0.6280746459960938,
				0.6427698135375977,
				-0.6531753540039063,
				0.6427698135375977
			],
			"name" : "image19",
			"opacity" : 0.5,
			"scale" : 1.281250
		},
		
		{
			"aspectScale" : 1,
			"body" : 15,
			"center" : 
			{
				"x" : 0.002864837646484375,
				"y" : 0.007691383361816406
			},
			"corners" : 
			{
				"x" : 
				[
					-0.6533851623535156,
					0.6591148376464844,
					0.6591148376464844,
					-0.6533851623535156
				],
				"y" : 
				[
					-0.6485586166381836,
					-0.6485586166381836,
					0.6639413833618164,
					0.6639413833618164
				]
			},
			"file" : "../pngs/box_2.png",
			"filter" : 1,
			"glDrawElements" : [ 0, 1, 2, 2, 3, 0 ],
			"glTexCoordPointer" : [ 0.0, 0.0, 1, 0.0, 1, 1, 0.0, 1 ],
			"glVertexPointer" : 
			[
				-0.6533851623535156,
				-0.6485586166381836,
				0.6591148376464844,
				-0.6485586166381836,
				0.6591148376464844,
				0.6639413833618164,
				-0.6533851623535156,
				0.6639413833618164
			],
			"name" : "image10",
			"opacity" : 0.5,
			"scale" : 1.31250
		},
		
		{
			"aspectScale" : 1,
			"body" : 28,
			"center" : 
			{
				"x" : -0.002773284912109375,
				"y" : 0.003706693649291992
			},
			"corners" : 
			{
				"x" : 
				[
					-0.6433982849121094,
					0.6378517150878906,
					0.6378517150878906,
					-0.6433982849121094
				],
				"y" : 
				[
					-0.6369183063507080,
					-0.6369183063507080,
					0.6443316936492920,
					0.6443316936492920
				]
			},
			"file" : "../pngs/cube-3.png",
			"filter" : 1,
			"glDrawElements" : [ 0, 1, 2, 2, 3, 0 ],
			"glTexCoordPointer" : [ 0.0, 0.0, 1, 0.0, 1, 1, 0.0, 1 ],
			"glVertexPointer" : 
			[
				-0.6433982849121094,
				-0.6369183063507080,
				0.6378517150878906,
				-0.6369183063507080,
				0.6378517150878906,
				0.6443316936492920,
				-0.6433982849121094,
				0.6443316936492920
			],
			"name" : "image20",
			"opacity" : 0.5,
			"scale" : 1.281250
		},
		
		{
			"aspectScale" : 1,
			"body" : 27,
			"center" : 
			{
				"x" : -0.002773284912109375,
				"y" : 0.003706693649291992
			},
			"corners" : 
			{
				"x" : 
				[
					-0.6433982849121094,
					0.6378517150878906,
					0.6378517150878906,
					-0.6433982849121094
				],
				"y" : 
				[
					-0.6369183063507080,
					-0.6369183063507080,
					0.6443316936492920,
					0.6443316936492920
				]
			},
			"file" : "../pngs/cube-3.png",
			"filter" : 1,
			"glDrawElements" : [ 0, 1, 2, 2, 3, 0 ],
			"glTexCoordPointer" : [ 0.0, 0.0, 1, 0.0, 1, 1, 0.0, 1 ],
			"glVertexPointer" : 
			[
				-0.6433982849121094,
				-0.6369183063507080,
				0.6378517150878906,
				-0.6369183063507080,
				0.6378517150878906,
				0.6443316936492920,
				-0.6433982849121094,
				0.6443316936492920
			],
			"name" : "image20",
			"opacity" : 0.5,
			"scale" : 1.281250
		},
		
		{
			"aspectScale" : 1,
			"body" : 31,
			"center" : 
			{
				"x" : -0.01255035400390625,
				"y" : 0.002144813537597656
			},
			"corners" : 
			{
				"x" : 
				[
					-0.6531753540039063,
					0.6280746459960938,
					0.6280746459960938,
					-0.6531753540039063
				],
				"y" : 
				[
					-0.6384801864624023,
					-0.6384801864624023,
					0.6427698135375977,
					0.6427698135375977
				]
			},
			"file" : "../pngs/cube-2.png",
			"filter" : 1,
			"glDrawElements" : [ 0, 1, 2, 2, 3, 0 ],
			"glTexCoordPointer" : [ 0.0, 0.0, 1, 0.0, 1, 1, 0.0, 1 ],
			"glVertexPointer" : 
			[
				-0.6531753540039063,
				-0.6384801864624023,
				0.6280746459960938,
				-0.6384801864624023,
				0.6280746459960938,
				0.6427698135375977,
				-0.6531753540039063,
				0.6427698135375977
			],
			"name" : "image19",
			"opacity" : 0.5,
			"scale" : 1.281250
		},
		
		{
			"aspectScale" : 1,
			"body" : 25,
			"center" : 
			{
				"x" : -0.002773284912109375,
				"y" : 0.003706693649291992
			},
			"corners" : 
			{
				"x" : 
				[
					-0.6433982849121094,
					0.6378517150878906,
					0.6378517150878906,
					-0.6433982849121094
				],
				"y" : 
				[
					-0.6369183063507080,
					-0.6369183063507080,
					0.6443316936492920,
					0.6443316936492920
				]
			},
			"file" : "../pngs/cube-3.png",
			"filter" : 1,
			"glDrawElements" : [ 0, 1, 2, 2, 3, 0 ],
			"glTexCoordPointer" : [ 0.0, 0.0, 1, 0.0, 1, 1, 0.0, 1 ],
			"glVertexPointer" : 
			[
				-0.6433982849121094,
				-0.6369183063507080,
				0.6378517150878906,
				-0.6369183063507080,
				0.6378517150878906,
				0.6443316936492920,
				-0.6433982849121094,
				0.6443316936492920
			],
			"name" : "image20",
			"opacity" : 0.5,
			"scale" : 1.281250
		},
		
		{
			"aspectScale" : 1,
			"body" : 24,
			"center" : 
			{
				"x" : -0.002773284912109375,
				"y" : 0.003706693649291992
			},
			"corners" : 
			{
				"x" : 
				[
					-0.6433982849121094,
					0.6378517150878906,
					0.6378517150878906,
					-0.6433982849121094
				],
				"y" : 
				[
					-0.6369183063507080,
					-0.6369183063507080,
					0.6443316936492920,
					0.6443316936492920
				]
			},
			"file" : "../pngs/cube-3.png",
			"filter" : 1,
			"glDrawElements" : [ 0, 1, 2, 2, 3, 0 ],
			"glTexCoordPointer" : [ 0.0, 0.0, 1, 0.0, 1, 1, 0.0, 1 ],
			"glVertexPointer" : 
			[
				-0.6433982849121094,
				-0.6369183063507080,
				0.6378517150878906,
				-0.6369183063507080,
				0.6378517150878906,
				0.6443316936492920,
				-0.6433982849121094,
				0.6443316936492920
			],
			"name" : "image20",
			"opacity" : 0.5,
			"scale" : 1.281250
		},
		
		{
			"aspectScale" : 1,
			"body" : 23,
			"center" : 
			{
				"x" : 0.002864837646484375,
				"y" : 0.007691383361816406
			},
			"corners" : 
			{
				"x" : 
				[
					-0.6533851623535156,
					0.6591148376464844,
					0.6591148376464844,
					-0.6533851623535156
				],
				"y" : 
				[
					-0.6485586166381836,
					-0.6485586166381836,
					0.6639413833618164,
					0.6639413833618164
				]
			},
			"file" : "../pngs/box_2.png",
			"filter" : 1,
			"glDrawElements" : [ 0, 1, 2, 2, 3, 0 ],
			"glTexCoordPointer" : [ 0.0, 0.0, 1, 0.0, 1, 1, 0.0, 1 ],
			"glVertexPointer" : 
			[
				-0.6533851623535156,
				-0.6485586166381836,
				0.6591148376464844,
				-0.6485586166381836,
				0.6591148376464844,
				0.6639413833618164,
				-0.6533851623535156,
				0.6639413833618164
			],
			"name" : "image10",
			"opacity" : 0.5,
			"scale" : 1.31250
		},
		
		{
			"aspectScale" : 1,
			"body" : 22,
			"center" : 
			{
				"x" : -0.01663589477539063,
				"y" : -0.04875898361206055
			},
			"corners" : 
			{
				"x" : 
				[
					-1.329135894775391,
					1.295864105224609,
					1.295864105224609,
					-1.329135894775391
				],
				"y" : 
				[
					-1.361258983612061,
					-1.361258983612061,
					1.263741016387940,
					1.263741016387940
				]
			},
			"file" : "../pngs/trin-3.png",
			"filter" : 1,
			"glDrawElements" : [ 0, 1, 2, 2, 3, 0 ],
			"glTexCoordPointer" : [ 0.0, 0.0, 1, 0.0, 1, 1, 0.0, 1 ],
			"glVertexPointer" : 
			[
				-1.329135894775391,
				-1.361258983612061,
				1.295864105224609,
				-1.361258983612061,
				1.295864105224609,
				1.263741016387940,
				-1.329135894775391,
				1.263741016387940
			],
			"name" : "image23",
			"opacity" : 0.5,
			"scale" : 2.6250
		}
	],
	"joint" : 
	[
		
		{
			"anchorA" : 
			{
				"x" : 4.980912208557129,
				"y" : -0.02059841156005859
			},
			"anchorB" : 
			{
				"x" : -0.3552217781543732,
				"y" : -2.347689867019653
			},
			"bodyA" : 33,
			"bodyB" : 32,
			"enableLimit" : true,
			"enableMotor" : true,
			"jointSpeed" : 0,
			"lowerLimit" : 1.745329260826111,
			"maxMotorTorque" : 2000.0,
			"motorSpeed" : -4.363323211669922,
			"name" : "catapult_joint",
			"refAngle" : -1.570796370506287,
			"type" : "revolute",
			"upperLimit" : 2.617993831634522
		}
	],
	"positionIterations" : 3,
	"stepsPerSecond" : 60.0,
	"subStepping" : false,
	"velocityIterations" : 8,
	"warmStarting" : true
}
