<Level cash="150">
	<Wave spawn_delay="2" enemy_list="0,0,0,0,0,0,0,0" />
	<Wave spawn_delay="3" enemy_list="1,0,1,0,1,0,1,0" />
	<Wave spawn_delay="1.5" enemy_list="0,0,1,0,0,1,0,0,1" />
	<Wave spawn_delay="1.5" enemy_list="1,1,1,1,1,1,1,1,1" />
	<Wave spawn_delay="3" enemy_list="2,2,2,2,2,2,2" />
	<Wave spawn_delay="1.5" enemy_list="0,1,2,0,1,2,0,1,2" />
	<Wave spawn_delay="1.5" enemy_list="2,1,2,1,2,1,2,1,2" />
	<Wave spawn_delay="4" enemy_list="3,1,3,1,3,1,3" />
	<Wave spawn_delay="2" enemy_list="3,1,3,1,3,1,3,1,3" />
	<Wave spawn_delay="2" enemy_list="3,1,2,3,1,2,3,1,2,3,1,2,3" />
</Level>